--Inserting values into assign_to table

INSERT INTO assign_to VALUES('CGM',4,'A','B-102','Monday',1,'08:15:00','09:15:00');
INSERT INTO assign_to VALUES('DS',4,'A','B-102','Monday',2,'09:15:00','10:15:00');
INSERT INTO assign_to VALUES('HBM',4,'A','B-102','Monday',3,'10:45:00','11:45:00');
INSERT INTO assign_to VALUES('Dr.MHR',4,'A','B-102','Monday',4,'11:45:00','12:45:00');
INSERT INTO assign_to VALUES('COP',4,'A','B-102','Monday',5,'13:30:00','14:30:00');
INSERT INTO assign_to VALUES('CGM',4,'A','B-102','Tuesday',1,'08:15:00','09:15:00');
INSERT INTO assign_to VALUES('DS',4,'A','B-102','Tuesday',2,'09:15:00','10:15:00');
INSERT INTO assign_to VALUES('COP',4,'A','B-102','Tuesday',3,'10:45:00','11:45:00');
INSERT INTO assign_to VALUES('HBM',4,'A','B-102','Tuesday',4,'11:45:00','12:45:00');
INSERT INTO assign_to VALUES('VRB',4,'B','B-112','Monday',1,'08:15:00','09:15:00');
INSERT INTO assign_to VALUES('PK',4,'B','B-112','Monday',2,'09:15:00','10:15:00');
INSERT INTO assign_to VALUES('NSK',4,'B','B-112','Monday',3,'10:45:00','11:45:00');
INSERT INTO assign_to VALUES('NSK',4,'B','B-112','Monday',4,'11:45:00','12:45:00');
INSERT INTO assign_to VALUES('Dr.NKS',4,'B','B-112','Monday',5,'13:30:00','14:30:00');
INSERT INTO assign_to VALUES('RHB',4,'B','B-112','Tuesday',1,'08:15:00','09:15:00');
INSERT INTO assign_to VALUES('RHB',4,'B','B-112','Tuesday',2,'09:15:00','10:15:00');
INSERT INTO assign_to VALUES('VRB',4,'B','B-112','Tuesday',3,'10:45:00','11:45:00');
INSERT INTO assign_to VALUES('Dr.NKS',4,'B','B-112','Tuesday',4,'11:45:00','12:45:00');
INSERT INTO assign_to VALUES('NSK',4,'B','B-112','Wednesday',1,'08:15:00','09:15:00');
INSERT INTO assign_to VALUES('NSK',4,'B','B-112','Wednesday',2,'09:15:00','10:15:00');
INSERT INTO assign_to VALUES('PK',4,'B','B-112','Wednesday',3,'10:45:00','11:45:00');
INSERT INTO assign_to VALUES('PK',4,'B','B-112','Wednesday',4,'11:45:00','12:45:00');
INSERT INTO assign_to VALUES('Dr.NKS',4,'B','B-112','Thursday',1,'08:15:00','09:15:00');
INSERT INTO assign_to VALUES('Dr.NKS',4,'B','B-112','Thursday',2,'09:15:00','10:15:00');
INSERT INTO assign_to VALUES('RHB',4,'B','B-112','Thursday',3,'10:45:00','11:45:00');
INSERT INTO assign_to VALUES('VRB',4,'B','B-112','Thursday',4,'11:45:00','12:45:00');
INSERT INTO assign_to VALUES('Dr.NKS',4,'B','B-112','Friday',1,'08:15:00','09:15:00');
INSERT INTO assign_to VALUES('VRB',4,'B','B-112','Friday',2,'09:15:00','10:15:00');
INSERT INTO assign_to VALUES('PK',4,'B','B-112','Friday',3,'10:45:00','11:45:00');
INSERT INTO assign_to VALUES('RHB',4,'B','B-112','Friday',4,'11:45:00','12:45:00');
INSERT INTO assign_to VALUES('HBM',4,'C','B-111','Monday',1,'08:15:00','09:15:00');
INSERT INTO assign_to VALUES('Dr.UD',4,'C','B-111','Monday',2,'09:15:00','10:15:00');
INSERT INTO assign_to VALUES('RR',4,'C','B-111','Monday',3,'10:45:00','11:45:00');
INSERT INTO assign_to VALUES('RBA',4,'C','B-111','Monday',4,'11:45:00','12:45:00');
INSERT INTO assign_to VALUES('CB',4,'C','B-111','Monday',5,'13:30:00','14:30:00');
INSERT INTO assign_to VALUES('CB',4,'C','B-111','Monday',6,'14:30:00','15:30:00');
INSERT INTO assign_to VALUES('Dr.MHR',4,'A','B-102','Wednesday',1,'08:15:00','09:15:00');
INSERT INTO assign_to VALUES('CGM',4,'A','B-102','Wednesday',2,'09:15:00','10:15:00');
INSERT INTO assign_to VALUES('DS',4,'A','B-102','Wednesday',3,'10:45:00','11:45:00');
INSERT INTO assign_to VALUES('COP',4,'A','B-102','Wednesday',4,'11:45:00','12:45:00');
INSERT INTO assign_to VALUES('HBM',4,'A','B-102','Thursday',1,'08:15:00','09:15:00');
INSERT INTO assign_to VALUES('HBM',4,'A','B-102','Thursday',2,'09:15:00','10:15:00');
INSERT INTO assign_to VALUES('Dr.MHR',4,'A','B-102','Thursday',3,'10:45:00','11:45:00');
INSERT INTO assign_to VALUES('DS',4,'A','B-102','Thursday',4,'11:45:00','12:45:00');
INSERT INTO assign_to VALUES('CGM',4,'A','B-102','Thursday',5,'13:30:00','14:30:00');
INSERT INTO assign_to VALUES('COP',4,'A','B-102','Thursday',6,'14:30:00','15:30:00');
INSERT INTO assign_to VALUES('COP',4,'A','B-102','Friday',3,'10:45:00','11:45:00');
INSERT INTO assign_to VALUES('COP',4,'A','B-102','Friday',4,'11:45:00','12:45:00');
INSERT INTO assign_to VALUES('CB',4,'C','B-111','Tuesday',3,'10:45:00','11:45:00');
INSERT INTO assign_to VALUES('RBA',4,'C','B-111','Tuesday',4,'11:45:00','12:45:00');
INSERT INTO assign_to VALUES('RR',4,'C','B-111','Tuesday',5,'13:30:00','14:30:00');
INSERT INTO assign_to VALUES('Dr.UD',4,'C','B-111','Wednesday',1,'08:15:00','09:15:00');
INSERT INTO assign_to VALUES('Dr.UD',4,'C','B-111','Wednesday',2,'09:15:00','10:15:00');
INSERT INTO assign_to VALUES('CB',4,'C','B-111','Wednesday',3,'10:45:00','11:45:00');
INSERT INTO assign_to VALUES('HBM',4,'C','B-111','Wednesday',4,'11:45:00','12:45:00');
INSERT INTO assign_to VALUES('RBA',4,'C','B-111','Thursday',1,'08:15:00','09:15:00');
INSERT INTO assign_to VALUES('RR',4,'C','B-111','Thursday',2,'09:15:00','10:15:00');
INSERT INTO assign_to VALUES('HBM',4,'C','B-111','Thursday',3,'10:45:00','11:45:00');
INSERT INTO assign_to VALUES('Dr.UD',4,'C','B-111','Thursday',4,'11:45:00','12:45:00');
INSERT INTO assign_to VALUES('RR',4,'C','B-111','Friday',1,'08:15:00','09:15:00');
INSERT INTO assign_to VALUES('HBM',4,'C','B-111','Friday',2,'09:15:00','10:15:00');
INSERT INTO assign_to VALUES('RBA',4,'C','B-111','Friday',3,'10:45:00','11:45:00');
INSERT INTO assign_to VALUES('Dr.UD',4,'C','B-111','Friday',4,'11:45:00','12:45:00');
INSERT INTO assign_to VALUES('DSJ',4,'D','B-G12','Monday',1,'08:15:00','09:15:00');
INSERT INTO assign_to VALUES('PP',4,'D','B-G12','Monday',2,'09:15:00','10:15:00');
INSERT INTO assign_to VALUES('KP',4,'D','B-G12','Monday',5,'13:30:00','14:30:00');
INSERT INTO assign_to VALUES('RR',4,'D','B-G12','Monday',6,'14:30:00','15:30:00');
INSERT INTO assign_to VALUES('PP',4,'D','B-G12','Tuesday',1,'08:15:00','09:15:00');
INSERT INTO assign_to VALUES('KP',4,'D','B-G12','Tuesday',2,'09:15:00','10:15:00');
INSERT INTO assign_to VALUES('RR',4,'D','B-G12','Tuesday',3,'10:45:00','11:45:00');
INSERT INTO assign_to VALUES('DSJ',4,'D','B-G12','Tuesday',4,'11:45:00','12:45:00');
INSERT INTO assign_to VALUES('Dr.UD',4,'D','B-G12','Tuesday',5,'13:30:00','14:30:00');
INSERT INTO assign_to VALUES('Dr.UD',4,'D','B-G12','Tuesday',6,'14:30:00','15:30:00');
INSERT INTO assign_to VALUES('PP',4,'D','B-G12','Wednesday',1,'08:15:00','09:15:00');
INSERT INTO assign_to VALUES('DSJ',4,'D','B-G12','Wednesday',2,'09:15:00','10:15:00');
INSERT INTO assign_to VALUES('KP',4,'D','B-G12','Wednesday',3,'10:45:00','11:45:00');
INSERT INTO assign_to VALUES('Dr.UD',4,'D','B-G12','Wednesday',4,'11:45:00','12:45:00');
INSERT INTO assign_to VALUES('RR',4,'D','B-G12','Thursday',1,'08:15:00','09:15:00');
INSERT INTO assign_to VALUES('Dr.UD',4,'D','B-G12','Thursday',2,'09:15:00','10:15:00');
INSERT INTO assign_to VALUES('PP',4,'D','B-G12','Thursday',3,'10:45:00','11:45:00');
INSERT INTO assign_to VALUES('DSJ',4,'D','B-G12','Thursday',4,'11:45:00','12:45:00');
INSERT INTO assign_to VALUES('Dr.UD',4,'D','B-G12','Thursday',5,'13:30:00','14:30:00');
INSERT INTO assign_to VALUES('KP',4,'D','B-G12','Friday',1,'08:15:00','09:15:00');
INSERT INTO assign_to VALUES('RR',4,'D','B-G12','Friday',2,'09:15:00','10:15:00');
INSERT INTO assign_to VALUES('PB',4,'E','B-G11','Monday',1,'08:15:00','09:15:00');
INSERT INTO assign_to VALUES('SVI',4,'E','B-G11','Monday',2,'09:15:00','10:15:00');
INSERT INTO assign_to VALUES('ND',4,'E','B-G11','Monday',3,'10:45:00','11:45:00');
INSERT INTO assign_to VALUES('ND',4,'E','B-G11','Monday',4,'11:45:00','12:45:00');
INSERT INTO assign_to VALUES('Dr.JR',4,'E','B-G11','Tuesday',1,'08:15:00','09:15:00');
INSERT INTO assign_to VALUES('Dr.SSS',4,'E','B-G11','Tuesday',2,'09:15:00','10:15:00');
INSERT INTO assign_to VALUES('PB',4,'E','B-G11','Tuesday',3,'10:45:00','11:45:00');
INSERT INTO assign_to VALUES('ND',4,'E','B-G11','Tuesday',4,'11:45:00','12:45:00');
INSERT INTO assign_to VALUES('SVI',4,'E','B-G11','Tuesday',5,'13:30:00','14:30:00');
INSERT INTO assign_to VALUES('Dr.JR',4,'E','B-G11','Tuesday',6,'14:30:00','15:30:00');
INSERT INTO assign_to VALUES('SVI',4,'E','B-G11','Wednesday',1,'08:15:00','09:15:00');
INSERT INTO assign_to VALUES('Dr.JR',4,'E','B-G11','Wednesday',2,'09:15:00','10:15:00');
INSERT INTO assign_to VALUES('Dr.SSS',4,'E','B-G11','Wednesday',3,'10:45:00','11:45:00');
INSERT INTO assign_to VALUES('PB',4,'E','B-G11','Wednesday',4,'11:45:00','12:45:00');
INSERT INTO assign_to VALUES('PB',4,'E','B-G11','Thursday',1,'08:15:00','09:15:00');
INSERT INTO assign_to VALUES('Dr.SSS',4,'E','B-G11','Thursday',2,'09:15:00','10:15:00');
INSERT INTO assign_to VALUES('SVI',4,'E','B-G11','Thursday',5,'13:30:00','14:30:00');
INSERT INTO assign_to VALUES('ND',4,'E','B-G11','Friday',1,'08:15:00','09:15:00');
INSERT INTO assign_to VALUES('ND',4,'E','B-G11','Friday',2,'09:15:00','10:15:00');
INSERT INTO assign_to VALUES('Dr.SSS',4,'E','B-G11','Friday',3,'10:45:00','11:45:00');
INSERT INTO assign_to VALUES('Dr.JR',4,'E','B-G11','Friday',4,'11:45:00','12:45:00');
INSERT INTO assign_to VALUES('Dr.NKS',4,'F','B-G02','Monday',1,'08:15:00','09:15:00');
INSERT INTO assign_to VALUES('CGM',4,'F','B-G02','Monday',2,'09:15:00','10:15:00');
INSERT INTO assign_to VALUES('DS',4,'F','B-G02','Monday',3,'10:45:00','11:45:00');
INSERT INTO assign_to VALUES('DSJ',4,'F','B-G02','Monday',4,'11:45:00','12:45:00');
INSERT INTO assign_to VALUES('DS',4,'F','B-G02','Tuesday',1,'08:15:00','09:15:00');
INSERT INTO assign_to VALUES('DSJ',4,'F','B-G02','Tuesday',2,'09:15:00','10:15:00');
INSERT INTO assign_to VALUES('Dr.NKS',4,'F','B-G02','Tuesday',3,'10:45:00','11:45:00');
INSERT INTO assign_to VALUES('CGM',4,'F','B-G02','Tuesday',4,'11:45:00','12:45:00');
INSERT INTO assign_to VALUES('RBA',4,'F','B-G02','Tuesday',5,'13:30:00','14:30:00');
INSERT INTO assign_to VALUES('CGM',4,'F','B-G02','Wednesday',1,'08:15:00','09:15:00');
INSERT INTO assign_to VALUES('Dr.NKS',4,'F','B-G02','Wednesday',2,'09:15:00','10:15:00');
INSERT INTO assign_to VALUES('RBA',4,'F','B-G02','Wednesday',3,'10:45:00','11:45:00');
INSERT INTO assign_to VALUES('DS',4,'F','B-G02','Wednesday',4,'11:45:00','12:45:00');
INSERT INTO assign_to VALUES('DS',4,'F','B-G02','Thursday',1,'08:15:00','09:15:00');
INSERT INTO assign_to VALUES('CGM',4,'F','B-G02','Thursday',2,'09:15:00','10:15:00');
INSERT INTO assign_to VALUES('DSJ',4,'F','B-G02','Thursday',3,'10:45:00','11:45:00');
INSERT INTO assign_to VALUES('RBA',4,'F','B-G02','Thursday',4,'11:45:00','12:45:00');
INSERT INTO assign_to VALUES('RBA',4,'F','B-G02','Friday',1,'08:15:00','09:15:00');
INSERT INTO assign_to VALUES('DSJ',4,'F','B-G02','Friday',2,'09:15:00','10:15:00');
INSERT INTO assign_to VALUES('Dr.NKS',4,'F','B-G02','Friday',3,'10:45:00','11:45:00');
INSERT INTO assign_to VALUES('Dr.NKS',4,'F','B-G02','Friday',4,'11:45:00','12:45:00');
INSERT INTO assign_to VALUES('CBH',4,'G','B-G07','Monday',1,'08:15:00','09:15:00');
INSERT INTO assign_to VALUES('Dr.MHR',4,'G','B-G07','Monday',2,'09:15:00','10:15:00');
INSERT INTO assign_to VALUES('VRB',4,'G','B-G07','Monday',3,'10:45:00','11:45:00');
INSERT INTO assign_to VALUES('SVI',4,'G','B-G07','Monday',4,'11:45:00','12:45:00');
INSERT INTO assign_to VALUES('CBH',4,'G','B-G07','Monday',5,'13:30:00','14:30:00');
INSERT INTO assign_to VALUES('Dr.MHR',4,'G','B-G07','Tuesday',1,'08:15:00','09:15:00');
INSERT INTO assign_to VALUES('Dr.MHR',4,'G','B-G07','Tuesday',2,'09:15:00','10:15:00');
INSERT INTO assign_to VALUES('SVI',4,'G','B-G07','Tuesday',3,'10:45:00','11:45:00');
INSERT INTO assign_to VALUES('VRB',4,'G','B-G07','Tuesday',4,'11:45:00','12:45:00');
INSERT INTO assign_to VALUES('CBH',4,'G','B-G07','Wednesday',1,'08:15:00','09:15:00');
INSERT INTO assign_to VALUES('VRB',4,'G','B-G07','Wednesday',2,'09:15:00','10:15:00');
INSERT INTO assign_to VALUES('VRB',4,'G','B-G07','Thursday',1,'08:15:00','09:15:00');
INSERT INTO assign_to VALUES('SVI',4,'G','B-G07','Thursday',2,'09:15:00','10:15:00');
INSERT INTO assign_to VALUES('SK',4,'G','B-G07','Thursday',3,'10:45:00','11:45:00');
INSERT INTO assign_to VALUES('SK',4,'G','B-G07','Thursday',4,'11:45:00','12:45:00');
INSERT INTO assign_to VALUES('Dr.MHR',4,'G','B-G07','Thursday',5,'13:30:00','14:30:00');
INSERT INTO assign_to VALUES('CBH',4,'G','B-G07','Thursday',6,'14:30:00','15:30:00');
INSERT INTO assign_to VALUES('SVI',4,'G','B-G07','Friday',1,'08:15:00','09:15:00');
INSERT INTO assign_to VALUES('CBH',4,'G','B-G07','Friday',2,'09:15:00','10:15:00');
INSERT INTO assign_to VALUES('SK',4,'G','B-G07','Friday',3,'10:45:00','11:45:00');
INSERT INTO assign_to VALUES('SK',4,'G','B-G07','Friday',4,'11:45:00','12:45:00');
INSERT INTO assign_to VALUES('RJ',4,'H','B-G06','Monday',1,'08:15:00','09:15:00');
INSERT INTO assign_to VALUES('VJ',4,'H','B-G06','Monday',2,'09:15:00','10:15:00');
INSERT INTO assign_to VALUES('Dr.JR',4,'H','B-G06','Monday',3,'10:45:00','11:45:00');
INSERT INTO assign_to VALUES('Dr.NKS',4,'H','B-G06','Monday',4,'11:45:00','12:45:00');
INSERT INTO assign_to VALUES('SK',4,'H','B-G06','Tuesday',1,'08:15:00','09:15:00');
INSERT INTO assign_to VALUES('SK',4,'H','B-G06','Tuesday',2,'09:15:00','10:15:00');
INSERT INTO assign_to VALUES('RJ',4,'H','B-G06','Tuesday',3,'10:45:00','11:45:00');
INSERT INTO assign_to VALUES('VJ',4,'H','B-G06','Tuesday',4,'11:45:00','12:45:00');
INSERT INTO assign_to VALUES('Dr.JR',4,'H','B-G06','Tuesday',5,'13:30:00','14:30:00');
INSERT INTO assign_to VALUES('Dr.NKS',4,'H','B-G06','Tuesday',6,'14:30:00','15:30:00');
INSERT INTO assign_to VALUES('Dr.JR',4,'H','B-G06','Wednesday',1,'08:15:00','09:15:00');
INSERT INTO assign_to VALUES('RJ',4,'H','B-G06','Wednesday',2,'09:15:00','10:15:00');
INSERT INTO assign_to VALUES('Dr.NKS',4,'H','B-G06','Wednesday',3,'10:45:00','11:45:00');
INSERT INTO assign_to VALUES('Dr.NKS',4,'H','B-G06','Wednesday',4,'11:45:00','12:45:00');
INSERT INTO assign_to VALUES('SK',4,'H','B-G06','Thursday',1,'08:15:00','09:15:00');
INSERT INTO assign_to VALUES('SK',4,'H','B-G06','Thursday',2,'09:15:00','10:15:00');
INSERT INTO assign_to VALUES('VJ',4,'H','B-G06','Thursday',3,'10:45:00','11:45:00');
INSERT INTO assign_to VALUES('RJ',4,'H','B-G06','Thursday',4,'11:45:00','12:45:00');
INSERT INTO assign_to VALUES('Dr.NKS',4,'H','B-G06','Thursday',5,'13:30:00','14:30:00');
INSERT INTO assign_to VALUES('VJ',4,'H','B-G06','Friday',3,'10:45:00','11:45:00');
INSERT INTO assign_to VALUES('Dr.JR',4,'H','B-G06','Friday',4,'11:45:00','12:45:00');

--Insert values into course table

INSERT INTO course VALUES('UE17MA251', 'LA', 4);
INSERT INTO course VALUES('UE17CS251', 'DAA', 4);
INSERT INTO course VALUES('UE17CS252', 'DBMS', 4);
INSERT INTO course VALUES('UE17CS253', 'MPCA', 4);
INSERT INTO course VALUES('UE17CS254', 'TOC', 4);
INSERT INTO course VALUES('UE17CS255', 'DAA Lab', 2);
INSERT INTO course VALUES('UE17CS256', 'MPCA Lab', 2);

--Insert values into lecturer

INSERT INTO lecturer VALUES('COP', 'Prakash C O', 'CSE', 'UE17MA251');
INSERT INTO lecturer VALUES('DS', 'Dinesh Singh', 'CSE', 'UE17CS251');
INSERT INTO lecturer VALUES('Dr.MHR', 'Mamatha H R', 'CSE',	'UE17CS252');
INSERT INTO lecturer VALUES('CGM', 'Chitra G M', 'CSE',	'UE17CS253');
INSERT INTO lecturer VALUES('HBM', 'H B Mahesh', 'CSE',	'UE17CS254');
INSERT INTO lecturer VALUES('Dr.NKS', 'Nagegowda K S', 'CSE', 'UE17MA251');
INSERT INTO lecturer VALUES('NSK', 'N S Kumar', 'CSE', 'UE17CS251');
INSERT INTO lecturer VALUES('RHB',	'Ramesh H Bhat', 'CSE',	'UE17CS252');
INSERT INTO lecturer VALUES('VRB', 'V R Badriprasad', 'CSE', 'UE17CS253');
INSERT INTO lecturer VALUES('PK', 'Preet Kanwal', 'CSE', 'UE17CS254');
INSERT INTO lecturer VALUES('Dr.UD', 'Uma D', 'CSE', 'UE17MA251');
INSERT INTO lecturer VALUES('CB', 'Channabankapur', 'CSE', 'UE17CS251';
INSERT INTO lecturer VALUES('RBA', 'Raghu B A', 'CSE', 'UE17CS252');
INSERT INTO lecturer VALUES('RR', 'Roopa Ravish', 'CSE', 'UE17CS253');
INSERT INTO lecturer VALUES('PP', 'Preeti P', 'CSE', 'UE17CS251');
INSERT INTO lecturer VALUES('KP', 'Kiran P', 'CSE',	'UE17CS252');
INSERT INTO lecturer VALUES('DSJ', 'Divya S J', 'CSE', 'UE17CS253');
INSERT INTO lecturer VALUES('ND', 'Nypunya D', 'CSE', 'UE17MA251');
INSERT INTO lecturer VALUES('Dr.SSS', 'Shylaja S S', 'CSE',	'UE17CS251');
INSERT INTO lecturer VALUES('PB', 'Priya Badrinath', 'CSE',	'UE17CS252');
INSERT INTO lecturer VALUES('Dr.JR', 'Jayashree R', 'CSE', 'UE17CS253');
INSERT INTO lecturer VALUES('SVI', 'Sangeetha V I', 'CSE', 'UE17CS254');
INSERT INTO lecturer VALUES('CBH', 'Chandravva B Hebbi', 'CSE',	'UE17MA251');
INSERT INTO lecturer VALUES('SK', 'Shruthi Kaivalya', 'CSE', 'UE17CS251');
INSERT INTO lecturer VALUES('VJ', 'Vinay Joshi', 'CSE',	'UE17CS252');
INSERT INTO lecturer VALUES('RJ', 'Jyoti R', 'CSE',	'UE17CS254');

--Insert values into offers

INSERT INTO offers VALUES('COP','UE17MA251',4,'A','B-102');
INSERT INTO offers VALUES('DS','UE17CS251',4,'A','B-102');
INSERT INTO offers VALUES('Dr.MHR','UE17CS252',4,'A','B-102');
INSERT INTO offers VALUES('CGM','UE17CS253',4,'A','B-102');
INSERT INTO offers VALUES('HBM','UE17CS254',4,'A','B-102');
INSERT INTO offers VALUES('Dr.NKS','UE17MA251',4,'B','B-112');
INSERT INTO offers VALUES('NSK','UE17CS251',4,'B','B-112');
INSERT INTO offers VALUES('RHB','UE17CS252',4,'B','B-112');
INSERT INTO offers VALUES('VRB','UE17CS253',4,'B','B-112');
INSERT INTO offers VALUES('PK','UE17CS254',4,'B','B-112');
INSERT INTO offers VALUES('Dr.UD','UE17MA251',4,'C','B-111');
INSERT INTO offers VALUES('CB','UE17CS251',4,'C','B-111');
INSERT INTO offers VALUES('RBA','UE17CS252',4,'C','B-111');
INSERT INTO offers VALUES('RR','UE17CS253',4,'C','B-111');
INSERT INTO offers VALUES('HBM','UE17CS254',4,'C','B-111');
INSERT INTO offers VALUES('Dr.UD','UE17MA251',4,'D','B-G12');
INSERT INTO offers VALUES('PP','UE17CS251',4,'D','B-G12');
INSERT INTO offers VALUES('KP','UE17CS252',4,'D','B-G12');
INSERT INTO offers VALUES('RR','UE17CS253',4,'D','B-G12');
INSERT INTO offers VALUES('DSJ','UE17CS254',4,'D','B-G12');
INSERT INTO offers VALUES('ND','UE17MA251',4,'E','B-G11');
INSERT INTO offers VALUES('Dr.SSS','UE17CS251',4,'E','B-G11');
INSERT INTO offers VALUES('PB','UE17CS252',4,'E','B-G11');
INSERT INTO offers VALUES('Dr.JR','UE17CS253',4,'E','B-G11');
INSERT INTO offers VALUES('SVI','UE17CS254',4,'E','B-G11');
INSERT INTO offers VALUES('Dr.NKS','UE17MA251',4,'F','B-G02');
INSERT INTO offers VALUES('DS','UE17CS251',4,'F','B-G02');
INSERT INTO offers VALUES('RBA','UE17CS252',4,'F','B-G02');
INSERT INTO offers VALUES('CGM','UE17CS253',4,'F','B-G02');
INSERT INTO offers VALUES('DSJ','UE17CS254',4,'F','B-G02');
INSERT INTO offers VALUES('CBH','UE17MA251',4,'G','B-G07');
INSERT INTO offers VALUES('SK','UE17CS251',4,'G','B-G07');
INSERT INTO offers VALUES('Dr.MHR','UE17CS252',4,'G','B-G07');
INSERT INTO offers VALUES('VRB','UE17CS253',4,'G','B-G07');
INSERT INTO offers VALUES('SVI','UE17CS254',4,'G','B-G07');
INSERT INTO offers VALUES('Dr.NKS','UE17MA251',4,'H','B-G06');
INSERT INTO offers VALUES('SK','UE17CS251',4,'H','B-G06');
INSERT INTO offers VALUES('VJ','UE17CS252',4,'H','B-G06');
INSERT INTO offers VALUES('Dr.JR','UE17CS253',4,'H','B-G06');
INSERT INTO offers VALUES('RJ','UE17CS254',4,'H','B-G06');

--Insert values into sem_class table

INSERT INTO sem_class VALUES(4,	'A',	'B-102',	2019);
INSERT INTO sem_class VALUES(4,	'B',	'B-112',	2019);
INSERT INTO sem_class VALUES(4,	'C',	'B-111',	2019);
INSERT INTO sem_class VALUES(4,	'D',	'B-G12',	2019);
INSERT INTO sem_class VALUES(4,	'E',	'B-G11',	2019);
INSERT INTO sem_class VALUES(4,	'F',	'B-G02',	2019);
INSERT INTO sem_class VALUES(4,	'G',	'B-G07',	2019);
INSERT INTO sem_class VALUES(4,	'H',	'B-G06',	2019);

--Insert values into timetable

INSERT INTO timetable VALUES('Monday','1','08:15:00','09:15:00');
INSERT INTO timetable VALUES('Monday','2','09:15:00','10:15:00');
INSERT INTO timetable VALUES('Monday','3','10:45:00','11:45:00');
INSERT INTO timetable VALUES('Monday','4','11:45:00','12:45:00');
INSERT INTO timetable VALUES('Monday','5','13:30:00','14:30:00');
INSERT INTO timetable VALUES('Monday','6','14:30:00','15:30:00');
INSERT INTO timetable VALUES('Tuesday','1','08:15:00','09:15:00');
INSERT INTO timetable VALUES('Tuesday','2','09:15:00','10:15:00');
INSERT INTO timetable VALUES('Tuesday','3','10:45:00','11:45:00');
INSERT INTO timetable VALUES('Tuesday','4','11:45:00','12:45:00');
INSERT INTO timetable VALUES('Tuesday','5','13:30:00','14:30:00');
INSERT INTO timetable VALUES('Tuesday','6','14:30:00','15:30:00');
INSERT INTO timetable VALUES('Wednesday','1','08:15:00','09:15:00');
INSERT INTO timetable VALUES('Wednesday','2','09:15:00','10:15:00');
INSERT INTO timetable VALUES('Wednesday','3','10:45:00','11:45:00');
INSERT INTO timetable VALUES('Wednesday','4','11:45:00','12:45:00');
INSERT INTO timetable VALUES('Wednesday','5','13:30:00','14:30:00');
INSERT INTO timetable VALUES('Wednesday','6','14:30:00','15:30:00');
INSERT INTO timetable VALUES('Thursday','1','08:15:00','09:15:00');
INSERT INTO timetable VALUES('Thursday','2','09:15:00','10:15:00');
INSERT INTO timetable VALUES('Thursday','3','10:45:00','11:45:00');
INSERT INTO timetable VALUES('Thursday','4','11:45:00','12:45:00');
INSERT INTO timetable VALUES('Thursday','5','13:30:00','14:30:00');
INSERT INTO timetable VALUES('Thursday','6','14:30:00','15:30:00');
INSERT INTO timetable VALUES('Friday','1','08:15:00','09:15:00');
INSERT INTO timetable VALUES('Friday','2','09:15:00','10:15:00');
INSERT INTO timetable VALUES('Friday','3','10:45:00','11:45:00');
INSERT INTO timetable VALUES('Friday','4','11:45:00','12:45:00');
INSERT INTO timetable VALUES('Friday','5','13:30:00','14:30:00');
INSERT INTO timetable VALUES('Friday','6','14:30:00','15:30:00');