--Inserting values into assign_to table

INSERT INTO assign_to VALUES('CGM','UE17CS253',4,'A','B-102','Monday',1,'08:15:00','09:15:00');
	INSERT INTO assign_to VALUES('DS','UE17CS251',4,'A','B-102','Monday',2,'09:15:00','10:15:00');
	INSERT INTO assign_to VALUES('HBM','UE17CS254',4,'A','B-102','Monday',3,'10:45:00','11:45:00');
	INSERT INTO assign_to VALUES('Dr.MHR','UE17CS252',4,'A','B-102','Monday',4,'11:45:00','12:45:00');
	INSERT INTO assign_to VALUES('COP','UE17MA251',4,'A','B-102','Monday',5,'13:30:00','14:30:00');
	INSERT INTO assign_to VALUES('CGM','UE17CS253',4,'A','B-102','Tuesday',1,'08:15:00','09:15:00');
	INSERT INTO assign_to VALUES('DS','UE17CS251',4,'A','B-102','Tuesday',2,'09:15:00','10:15:00');
	INSERT INTO assign_to VALUES('Dr.MHR','UE17CS252',4,'A','B-102','Tuesday',3,'10:45:00','11:45:00');
	INSERT INTO assign_to VALUES('HBM','UE17CS254',4,'A','B-102','Tuesday',4,'11:45:00','12:45:00');
	INSERT INTO assign_to VALUES('CGM','UE17CS256',4,'A','B-105C,D','Tuesday',5,'13:30:00','14:30:00');
	INSERT INTO assign_to VALUES('CGM','UE17CS256',4,'A','B-105C,D','Tuesday',6,'14:30:00','15:30:00');
	INSERT INTO assign_to VALUES('CBH','UE17CS256',4,'A','B-105C,D','Tuesday',5,'13:30:00','14:30:00');
	INSERT INTO assign_to VALUES('CBH','UE17CS256',4,'A','B-105C,D','Tuesday',6,'14:30:00','15:30:00');
	INSERT INTO assign_to VALUES('CBR','UE17CS256',4,'A','B-105C,D','Tuesday',5,'13:30:00','14:30:00');
	INSERT INTO assign_to VALUES('CBR','UE17CS256',4,'A','B-105C,D','Tuesday',6,'14:30:00','15:30:00');
	INSERT INTO assign_to VALUES('Dr.MHR','UE17CS252',4,'A','B-102','Wednesday',1,'08:15:00','09:15:00');
	INSERT INTO assign_to VALUES('CGM','UE17CS253',4,'A','B-102','Wednesday',2,'09:15:00','10:15:00');
	INSERT INTO assign_to VALUES('DS','UE17CS251',4,'A','B-102','Wednesday',3,'10:45:00','11:45:00');
	INSERT INTO assign_to VALUES('COP','UE17MA251',4,'A','B-102','Wednesday',4,'11:45:00','12:45:00');
	INSERT INTO assign_to VALUES('HBM','UE17CS254',4,'A','B-102','Thursday',1,'08:15:00','09:15:00');
	INSERT INTO assign_to VALUES('HBM','UE17CS254',4,'A','B-102','Thursday',2,'09:15:00','10:15:00');
	INSERT INTO assign_to VALUES('Dr.MHR','UE17CS252',4,'A','B-102','Thursday',3,'10:45:00','11:45:00');
	INSERT INTO assign_to VALUES('DS','UE17CS251',4,'A','B-102','Thursday',4,'11:45:00','12:45:00');
	INSERT INTO assign_to VALUES('CGM','UE17CS253',4,'A','B-102','Thursday',5,'13:30:00','14:30:00');
	INSERT INTO assign_to VALUES('COP','UE17MA251',4,'A','B-102','Thursday',6,'14:30:00','15:30:00');
	INSERT INTO assign_to VALUES('COP','UE17CS255',4,'A','B-G05C,D','Friday',1,'08:15:00','09:15:00');
	INSERT INTO assign_to VALUES('COP','UE17CS255',4,'A','B-G05C,D','Friday',2,'09:15:00','10:15:00');
	INSERT INTO assign_to VALUES('PP','UE17CS255',4,'A','B-G05C,D','Friday',1,'08:15:00','09:15:00');
	INSERT INTO assign_to VALUES('PP','UE17CS255',4,'A','B-G05C,D','Friday',2,'09:15:00','10:15:00');
	INSERT INTO assign_to VALUES('COP','UE17MA251',4,'A','B-102','Friday',3,'10:45:00','11:45:00');
	INSERT INTO assign_to VALUES('COP','UE17MA251',4,'A','B-102','Friday',4,'11:45:00','12:45:00');
	INSERT INTO assign_to VALUES('VRB','UE17CS253',4,'B','B-112','Monday',1,'08:15:00','09:15:00');
	INSERT INTO assign_to VALUES('PK','UE17CS254',4,'B','B-112','Monday',2,'09:15:00','10:15:00');
	INSERT INTO assign_to VALUES('NSK','UE17CS251',4,'B','B-112','Monday',3,'10:45:00','11:45:00');
	INSERT INTO assign_to VALUES('NSK','UE17CS251',4,'B','B-112','Monday',4,'11:45:00','12:45:00');
	INSERT INTO assign_to VALUES('Dr.NKS','UE17MA251',4,'B','B-112','Monday',5,'13:30:00','14:30:00');
	INSERT INTO assign_to VALUES('RHB','UE17CS252',4,'B','B-112','Tuesday',1,'08:15:00','09:15:00');
	INSERT INTO assign_to VALUES('RHB','UE17CS252',4,'B','B-112','Tuesday',2,'09:15:00','10:15:00');
	INSERT INTO assign_to VALUES('VRB','UE17CS253',4,'B','B-112','Tuesday',3,'10:45:00','11:45:00');
	INSERT INTO assign_to VALUES('Dr.NKS','UE17MA251',4,'B','B-112','Tuesday',4,'11:45:00','12:45:00');
	INSERT INTO assign_to VALUES('PB','UE17CS255',4,'B','B-G05C,D','Tuesday',5,'13:30:00','14:30:00');
	INSERT INTO assign_to VALUES('PB','UE17CS255',4,'B','B-G05C,D','Tuesday',6,'14:30:00','15:30:00');
	INSERT INTO assign_to VALUES('NMP','UE17CS255',4,'B','B-G05C,D','Tuesday',5,'13:30:00','14:30:00');
	INSERT INTO assign_to VALUES('NMP','UE17CS255',4,'B','B-G05C,D','Tuesday',6,'14:30:00','15:30:00');
	INSERT INTO assign_to VALUES('KSS','UE17CS255',4,'B','B-G05C,D','Tuesday',5,'13:30:00','14:30:00');
	INSERT INTO assign_to VALUES('KSS','UE17CS255',4,'B','B-G05C,D','Tuesday',6,'14:30:00','15:30:00');
	INSERT INTO assign_to VALUES('NSK','UE17CS251',4,'B','B-112','Wednesday',1,'08:15:00','09:15:00');
	INSERT INTO assign_to VALUES('NSK','UE17CS251',4,'B','B-112','Wednesday',2,'09:15:00','10:15:00');
	INSERT INTO assign_to VALUES('PK','UE17CS254',4,'B','B-112','Wednesday',3,'10:45:00','11:45:00');
	INSERT INTO assign_to VALUES('PK','UE17CS254',4,'B','B-112','Wednesday',4,'11:45:00','12:45:00');
	INSERT INTO assign_to VALUES('Dr.NKS','UE17MA251',4,'B','B-112','Thursday',1,'08:15:00','09:15:00');
	INSERT INTO assign_to VALUES('Dr.NKS','UE17MA251',4,'B','B-112','Thursday',2,'09:15:00','10:15:00');
	INSERT INTO assign_to VALUES('RHB','UE17CS252',4,'B','B-112','Thursday',3,'10:45:00','11:45:00');
	INSERT INTO assign_to VALUES('VRB','UE17CS253',4,'B','B-112','Thursday',4,'11:45:00','12:45:00');
	INSERT INTO assign_to VALUES('RJ','UE17CS256',4,'B','B-105C,D','Thursday',5,'13:30:00','14:30:00');
	INSERT INTO assign_to VALUES('RJ','UE17CS256',4,'B','B-105C,D','Thursday',6,'14:30:00','15:30:00');
	INSERT INTO assign_to VALUES('RR','UE17CS256',4,'B','B-105C,D','Thursday',5,'13:30:00','14:30:00');
	INSERT INTO assign_to VALUES('RR','UE17CS256',4,'B','B-105C,D','Thursday',6,'14:30:00','15:30:00');
	INSERT INTO assign_to VALUES('NMP','UE17CS256',4,'B','B-105C,D','Thursday',5,'13:30:00','14:30:00');
	INSERT INTO assign_to VALUES('NMP','UE17CS256',4,'B','B-105C,D','Thursday',6,'14:30:00','15:30:00');
	INSERT INTO assign_to VALUES('Dr.NKS','UE17MA251',4,'B','B-112','Friday',1,'08:15:00','09:15:00');
	INSERT INTO assign_to VALUES('VRB','UE17CS253',4,'B','B-112','Friday',2,'09:15:00','10:15:00');
	INSERT INTO assign_to VALUES('PK','UE17CS254',4,'B','B-112','Friday',3,'10:45:00','11:45:00');
	INSERT INTO assign_to VALUES('RHB','UE17CS252',4,'B','B-112','Friday',4,'11:45:00','12:45:00');
	INSERT INTO assign_to VALUES('HBM','UE17CS254',4,'C','B-111','Monday',1,'08:15:00','09:15:00');
	INSERT INTO assign_to VALUES('Dr.UD','UE17MA251',4,'C','B-111','Monday',2,'09:15:00','10:15:00');
	INSERT INTO assign_to VALUES('RR','UE17CS253',4,'C','B-111','Monday',3,'10:45:00','11:45:00');
	INSERT INTO assign_to VALUES('RBA','UE17CS252',4,'C','B-111','Monday',4,'11:45:00','12:45:00');
	INSERT INTO assign_to VALUES('CB','UE17CS251',4,'C','B-111','Monday',5,'13:30:00','14:30:00');
	INSERT INTO assign_to VALUES('CB','UE17CS251',4,'C','B-111','Monday',6,'14:30:00','15:30:00');
	INSERT INTO assign_to VALUES('RR','UE17CS256',4,'C','B-105C,D','Tuesday',1,'08:15:00','09:15:00');
	INSERT INTO assign_to VALUES('RR','UE17CS256',4,'C','B-105C,D','Tuesday',2,'09:15:00','10:15:00');
	INSERT INTO assign_to VALUES('CBH','UE17CS256',4,'C','B-105C,D','Tuesday',1,'08:15:00','09:15:00');
	INSERT INTO assign_to VALUES('CBH','UE17CS256',4,'C','B-105C,D','Tuesday',2,'09:15:00','10:15:00');
	INSERT INTO assign_to VALUES('CBR','UE17CS256',4,'C','B-105C,D','Tuesday',1,'08:15:00','09:15:00');
	INSERT INTO assign_to VALUES('CBR','UE17CS256',4,'C','B-105C,D','Tuesday',2,'09:15:00','10:15:00');
	INSERT INTO assign_to VALUES('CB','UE17CS251',4,'C','B-111','Tuesday',3,'10:45:00','11:45:00');
	INSERT INTO assign_to VALUES('RBA','UE17CS252',4,'C','B-111','Tuesday',4,'11:45:00','12:45:00');
	INSERT INTO assign_to VALUES('RR','UE17CS253',4,'C','B-111','Tuesday',5,'13:30:00','14:30:00');
	INSERT INTO assign_to VALUES('Dr.UD','UE17MA251',4,'C','B-111','Wednesday',1,'08:15:00','09:15:00');
	INSERT INTO assign_to VALUES('Dr.UD','UE17MA251',4,'C','B-111','Wednesday',2,'09:15:00','10:15:00');
	INSERT INTO assign_to VALUES('CB','UE17CS251',4,'C','B-111','Wednesday',3,'10:45:00','11:45:00');
	INSERT INTO assign_to VALUES('HBM','UE17CS254',4,'C','B-111','Wednesday',4,'11:45:00','12:45:00');
	INSERT INTO assign_to VALUES('RBA','UE17CS252',4,'C','B-111','Thursday',1,'08:15:00','09:15:00');
	INSERT INTO assign_to VALUES('RR','UE17CS253',4,'C','B-111','Thursday',2,'09:15:00','10:15:00');
	INSERT INTO assign_to VALUES('HBM','UE17CS254',4,'C','B-111','Thursday',3,'10:45:00','11:45:00');
	INSERT INTO assign_to VALUES('Dr.UD','UE17MA251',4,'C','B-111','Thursday',4,'11:45:00','12:45:00');
	INSERT INTO assign_to VALUES('SRS','UE17CS255',4,'C','B-G05C,D','Thursday',5,'13:30:00','14:30:00');
	INSERT INTO assign_to VALUES('SRS','UE17CS255',4,'C','B-G05C,D','Thursday',6,'14:30:00','15:30:00');
	INSERT INTO assign_to VALUES('PP','UE17CS255',4,'C','B-G05C,D','Thursday',5,'13:30:00','14:30:00');
	INSERT INTO assign_to VALUES('PP','UE17CS255',4,'C','B-G05C,D','Thursday',6,'14:30:00','15:30:00');
	INSERT INTO assign_to VALUES('DSJ','UE17CS255',4,'C','B-G05C,D','Thursday',5,'13:30:00','14:30:00');
	INSERT INTO assign_to VALUES('DSJ','UE17CS255',4,'C','B-G05C,D','Thursday',6,'14:30:00','15:30:00');
	INSERT INTO assign_to VALUES('RR','UE17CS253',4,'C','B-111','Friday',1,'08:15:00','09:15:00');
	INSERT INTO assign_to VALUES('HBM','UE17CS254',4,'C','B-111','Friday',2,'09:15:00','10:15:00');
	INSERT INTO assign_to VALUES('RBA','UE17CS252',4,'C','B-111','Friday',3,'10:45:00','11:45:00');
	INSERT INTO assign_to VALUES('Dr.UD','UE17MA251',4,'C','B-111','Friday',4,'11:45:00','12:45:00');
	INSERT INTO assign_to VALUES('DSJ','UE17CS254',4,'D','B-G12','Monday',1,'08:15:00','09:15:00');
	INSERT INTO assign_to VALUES('PP','UE17CS251',4,'D','B-G12','Monday',2,'09:15:00','10:15:00');
	INSERT INTO assign_to VALUES('PP','UE17CS255',4,'D','B-G05C,D','Monday',3,'10:45:00','11:45:00');
	INSERT INTO assign_to VALUES('PP','UE17CS255',4,'D','B-G05C,D','Monday',4,'11:45:00','12:45:00');
	INSERT INTO assign_to VALUES('BS','UE17CS255',4,'D','B-G05C,D','Monday',3,'10:45:00','11:45:00');
	INSERT INTO assign_to VALUES('BS','UE17CS255',4,'D','B-G05C,D','Monday',4,'11:45:00','12:45:00');
	INSERT INTO assign_to VALUES('KSS','UE17CS255',4,'D','B-G05C,D','Monday',3,'10:45:00','11:45:00');
	INSERT INTO assign_to VALUES('KSS','UE17CS255',4,'D','B-G05C,D','Monday',4,'11:45:00','12:45:00');
	INSERT INTO assign_to VALUES('KP','UE17CS252',4,'D','B-G12','Monday',5,'13:30:00','14:30:00');
	INSERT INTO assign_to VALUES('RR','UE17CS253',4,'D','B-G12','Monday',6,'14:30:00','15:30:00');
	INSERT INTO assign_to VALUES('PP','UE17CS251',4,'D','B-G12','Tuesday',1,'08:15:00','09:15:00');
	INSERT INTO assign_to VALUES('KP','UE17CS252',4,'D','B-G12','Tuesday',2,'09:15:00','10:15:00');
	INSERT INTO assign_to VALUES('RR','UE17CS253',4,'D','B-G12','Tuesday',3,'10:45:00','11:45:00');
	INSERT INTO assign_to VALUES('DSJ','UE17CS254',4,'D','B-G12','Tuesday',4,'11:45:00','12:45:00');
	INSERT INTO assign_to VALUES('Dr.UD','UE17MA251',4,'D','B-G12','Tuesday',5,'13:30:00','14:30:00');
	INSERT INTO assign_to VALUES('Dr.UD','UE17MA251',4,'D','B-G12','Tuesday',6,'14:30:00','15:30:00');
	INSERT INTO assign_to VALUES('PP','UE17CS251',4,'D','B-G12','Wednesday',1,'08:15:00','09:15:00');
	INSERT INTO assign_to VALUES('DSJ','UE17CS254',4,'D','B-G12','Wednesday',2,'09:15:00','10:15:00');
	INSERT INTO assign_to VALUES('KP','UE17CS252',4,'D','B-G12','Wednesday',3,'10:45:00','11:45:00');
	INSERT INTO assign_to VALUES('Dr.UD','UE17MA251',4,'D','B-G12','Wednesday',4,'11:45:00','12:45:00');
	INSERT INTO assign_to VALUES('RR','UE17CS253',4,'D','B-G12','Thursday',1,'08:15:00','09:15:00');
	INSERT INTO assign_to VALUES('Dr.UD','UE17MA251',4,'D','B-G12','Thursday',2,'09:15:00','10:15:00');
	INSERT INTO assign_to VALUES('PP','UE17CS251',4,'D','B-G12','Thursday',3,'10:45:00','11:45:00');
	INSERT INTO assign_to VALUES('DSJ','UE17CS254',4,'D','B-G12','Thursday',4,'11:45:00','12:45:00');
	INSERT INTO assign_to VALUES('Dr.UD','UE17MA251',4,'D','B-G12','Thursday',5,'13:30:00','14:30:00');
	INSERT INTO assign_to VALUES('KP','UE17CS252',4,'D','B-G12','Friday',1,'08:15:00','09:15:00');
	INSERT INTO assign_to VALUES('RR','UE17CS253',4,'D','B-G12','Friday',2,'09:15:00','10:15:00');
	INSERT INTO assign_to VALUES('RR','UE17CS256',4,'D','B-105C,D','Friday',3,'10:45:00','11:45:00');
	INSERT INTO assign_to VALUES('RR','UE17CS256',4,'D','B-105C,D','Friday',4,'11:45:00','12:45:00');
	INSERT INTO assign_to VALUES('CBR','UE17CS256',4,'D','B-105C,D','Friday',3,'10:45:00','11:45:00');
	INSERT INTO assign_to VALUES('CBR','UE17CS256',4,'D','B-105C,D','Friday',4,'11:45:00','12:45:00');
	INSERT INTO assign_to VALUES('CBH','UE17CS256',4,'D','B-105C,D','Friday',3,'10:45:00','11:45:00');
	INSERT INTO assign_to VALUES('CBH','UE17CS256',4,'D','B-105C,D','Friday',4,'11:45:00','12:45:00');
	INSERT INTO assign_to VALUES('PB','UE17CS252',4,'E','B-G11','Monday',1,'08:15:00','09:15:00');
	INSERT INTO assign_to VALUES('SVI','UE17CS254',4,'E','B-G11','Monday',2,'09:15:00','10:15:00');
	INSERT INTO assign_to VALUES('ND','UE17MA251',4,'E','B-G11','Monday',3,'10:45:00','11:45:00');
	INSERT INTO assign_to VALUES('ND','UE17MA251',4,'E','B-G11','Monday',4,'11:45:00','12:45:00');
	INSERT INTO assign_to VALUES('NMP','UE17CS255',4,'E','B-G05C,D','Monday',5,'13:30:00','14:30:00');
	INSERT INTO assign_to VALUES('NMP','UE17CS255',4,'E','B-G05C,D','Monday',6,'14:30:00','15:30:00');
	INSERT INTO assign_to VALUES('VJ','UE17CS255',4,'E','B-G05C,D','Monday',5,'13:30:00','14:30:00');
	INSERT INTO assign_to VALUES('VJ','UE17CS255',4,'E','B-G05C,D','Monday',6,'14:30:00','15:30:00');
	INSERT INTO assign_to VALUES('Dr.JR','UE17CS253',4,'E','B-G11','Tuesday',1,'08:15:00','09:15:00');
	INSERT INTO assign_to VALUES('Dr.SSS','UE17CS251',4,'E','B-G11','Tuesday',2,'09:15:00','10:15:00');
	INSERT INTO assign_to VALUES('PB','UE17CS252',4,'E','B-G11','Tuesday',3,'10:45:00','11:45:00');
	INSERT INTO assign_to VALUES('ND','UE17MA251',4,'E','B-G11','Tuesday',4,'11:45:00','12:45:00');
	INSERT INTO assign_to VALUES('SVI','UE17CS254',4,'E','B-G11','Tuesday',5,'13:30:00','14:30:00');
	INSERT INTO assign_to VALUES('Dr.JR','UE17CS253',4,'E','B-G11','Tuesday',6,'14:30:00','15:30:00');
	INSERT INTO assign_to VALUES('SVI','UE17CS254',4,'E','B-G11','Wednesday',1,'08:15:00','09:15:00');
	INSERT INTO assign_to VALUES('Dr.JR','UE17CS253',4,'E','B-G11','Wednesday',2,'09:15:00','10:15:00');
	INSERT INTO assign_to VALUES('Dr.SSS','UE17CS251',4,'E','B-G11','Wednesday',3,'10:45:00','11:45:00');
	INSERT INTO assign_to VALUES('PB','UE17CS252',4,'E','B-G11','Wednesday',4,'11:45:00','12:45:00');
	INSERT INTO assign_to VALUES('PB','UE17CS252',4,'E','B-G11','Thursday',1,'08:15:00','09:15:00');
	INSERT INTO assign_to VALUES('Dr.SSS','UE17CS251',4,'E','B-G11','Thursday',2,'09:15:00','10:15:00');
	INSERT INTO assign_to VALUES('CBR','UE17CS256',4,'E','B-105C,D','Thursday',3,'10:45:00','11:45:00');
	INSERT INTO assign_to VALUES('CBR','UE17CS256',4,'E','B-105C,D','Thursday',4,'11:45:00','12:45:00');
	INSERT INTO assign_to VALUES('CBH','UE17CS256',4,'E','B-105C,D','Thursday',3,'10:45:00','11:45:00');
	INSERT INTO assign_to VALUES('CBH','UE17CS256',4,'E','B-105C,D','Thursday',4,'11:45:00','12:45:00');
	INSERT INTO assign_to VALUES('PM','UE17CS256',4,'E','B-105C,D','Thursday',3,'10:45:00','11:45:00');
	INSERT INTO assign_to VALUES('PM','UE17CS256',4,'E','B-105C,D','Thursday',4,'11:45:00','12:45:00');
	INSERT INTO assign_to VALUES('SVI','UE17CS254',4,'E','B-G11','Thursday',5,'13:30:00','14:30:00');
	INSERT INTO assign_to VALUES('ND','UE17MA251',4,'E','B-G11','Friday',1,'08:15:00','09:15:00');
	INSERT INTO assign_to VALUES('ND','UE17MA251',4,'E','B-G11','Friday',2,'09:15:00','10:15:00');
	INSERT INTO assign_to VALUES('Dr.SSS','UE17CS251',4,'E','B-G11','Friday',3,'10:45:00','11:45:00');
	INSERT INTO assign_to VALUES('Dr.JR','UE17CS253',4,'E','B-G11','Friday',4,'11:45:00','12:45:00');
	INSERT INTO assign_to VALUES('Dr.NKS','UE17MA251',4,'F','B-G02','Monday',1,'08:15:00','09:15:00');
	INSERT INTO assign_to VALUES('CGM','UE17CS253',4,'F','B-G02','Monday',2,'09:15:00','10:15:00');
	INSERT INTO assign_to VALUES('DS','UE17CS251',4,'F','B-G02','Monday',3,'10:45:00','11:45:00');
	INSERT INTO assign_to VALUES('DSJ','UE17CS254',4,'F','B-G02','Monday',4,'11:45:00','12:45:00');
	INSERT INTO assign_to VALUES('CGM','UE17CS256',4,'F','B-105C,D','Monday',5,'13:30:00','14:30:00');
	INSERT INTO assign_to VALUES('CGM','UE17CS256',4,'F','B-105C,D','Monday',6,'14:30:00','15:30:00');
	INSERT INTO assign_to VALUES('CBR','UE17CS256',4,'F','B-105C,D','Monday',5,'13:30:00','14:30:00');
	INSERT INTO assign_to VALUES('CBR','UE17CS256',4,'F','B-105C,D','Monday',6,'14:30:00','15:30:00');
	INSERT INTO assign_to VALUES('DS','UE17CS251',4,'F','B-G02','Tuesday',1,'08:15:00','09:15:00');
	INSERT INTO assign_to VALUES('DSJ','UE17CS254',4,'F','B-G02','Tuesday',2,'09:15:00','10:15:00');
	INSERT INTO assign_to VALUES('Dr.NKS','UE17MA251',4,'F','B-G02','Tuesday',3,'10:45:00','11:45:00');
	INSERT INTO assign_to VALUES('CGM','UE17CS253',4,'F','B-G02','Tuesday',4,'11:45:00','12:45:00');
	INSERT INTO assign_to VALUES('RBA','UE17CS252',4,'F','B-G02','Tuesday',5,'13:30:00','14:30:00');
	INSERT INTO assign_to VALUES('CGM','UE17CS253',4,'F','B-G02','Wednesday',1,'08:15:00','09:15:00');
	INSERT INTO assign_to VALUES('Dr.NKS','UE17MA251',4,'F','B-G02','Wednesday',2,'09:15:00','10:15:00');
	INSERT INTO assign_to VALUES('RBA','UE17CS252',4,'F','B-G02','Wednesday',3,'10:45:00','11:45:00');
	INSERT INTO assign_to VALUES('DS','UE17CS251',4,'F','B-G02','Wednesday',4,'11:45:00','12:45:00');
	INSERT INTO assign_to VALUES('DS','UE17CS251',4,'F','B-G02','Thursday',1,'08:15:00','09:15:00');
	INSERT INTO assign_to VALUES('CGM','UE17CS253',4,'F','B-G02','Thursday',2,'09:15:00','10:15:00');
	INSERT INTO assign_to VALUES('DSJ','UE17CS254',4,'F','B-G02','Thursday',3,'10:45:00','11:45:00');
	INSERT INTO assign_to VALUES('RBA','UE17CS252',4,'F','B-G02','Thursday',4,'11:45:00','12:45:00');
	INSERT INTO assign_to VALUES('BS','UE17CS255',4,'F','B-G09,G10','Thursday',5,'13:30:00','14:30:00');
	INSERT INTO assign_to VALUES('BS','UE17CS255',4,'F','B-G09,G10','Thursday',6,'14:30:00','15:30:00');
	INSERT INTO assign_to VALUES('AS','UE17CS255',4,'F','B-G09,G10','Thursday',5,'13:30:00','14:30:00');
	INSERT INTO assign_to VALUES('AS','UE17CS255',4,'F','B-G09,G10','Thursday',6,'14:30:00','15:30:00');
	INSERT INTO assign_to VALUES('VJ','UE17CS252',4,'F','B-G09,G10','Thursday',5,'13:30:00','14:30:00');
	INSERT INTO assign_to VALUES('VJ','UE17CS252',4,'F','B-G09,G10','Thursday',6,'14:30:00','15:30:00');
	INSERT INTO assign_to VALUES('RBA','UE17CS252',4,'F','B-G02','Friday',1,'08:15:00','09:15:00');
	INSERT INTO assign_to VALUES('DSJ','UE17CS254',4,'F','B-G02','Friday',2,'09:15:00','10:15:00');
	INSERT INTO assign_to VALUES('Dr.NKS','UE17MA251',4,'F','B-G02','Friday',3,'10:45:00','11:45:00');
	INSERT INTO assign_to VALUES('Dr.NKS','UE17MA251',4,'F','B-G02','Friday',4,'11:45:00','12:45:00');
	INSERT INTO assign_to VALUES('CBH','UE17MA251',4,'G','B-G07','Monday',1,'08:15:00','09:15:00');
	INSERT INTO assign_to VALUES('Dr.MHR','UE17CS252',4,'G','B-G07','Monday',2,'09:15:00','10:15:00');
	INSERT INTO assign_to VALUES('VRB','UE17CS253',4,'G','B-G07','Monday',3,'10:45:00','11:45:00');
	INSERT INTO assign_to VALUES('SVI','UE17CS254',4,'G','B-G07','Monday',4,'11:45:00','12:45:00');
	INSERT INTO assign_to VALUES('CBH','UE17MA251',4,'G','B-G07','Monday',5,'13:30:00','14:30:00');
	INSERT INTO assign_to VALUES('Dr.MHR','UE17CS252',4,'G','B-G07','Tuesday',1,'08:15:00','09:15:00');
	INSERT INTO assign_to VALUES('Dr.MHR','UE17CS252',4,'G','B-G07','Tuesday',2,'09:15:00','10:15:00');
	INSERT INTO assign_to VALUES('SVI','UE17CS254',4,'G','B-G07','Tuesday',3,'10:45:00','11:45:00');
	INSERT INTO assign_to VALUES('VRB','UE17CS253',4,'G','B-G07','Tuesday',4,'11:45:00','12:45:00');
	INSERT INTO assign_to VALUES('DSJ','UE17CS255',4,'G','B-G09,G10','Tuesday',5,'13:30:00','14:30:00');
	INSERT INTO assign_to VALUES('DSJ','UE17CS255',4,'G','B-G09,G10','Tuesday',6,'14:30:00','15:30:00');
	INSERT INTO assign_to VALUES('PP','UE17CS255',4,'G','B-G09,G10','Tuesday',5,'13:30:00','14:30:00');
	INSERT INTO assign_to VALUES('PP','UE17CS255',4,'G','B-G09,G10','Tuesday',6,'14:30:00','15:30:00');
	INSERT INTO assign_to VALUES('CBH','UE17MA251',4,'G','B-G07','Wednesday',1,'08:15:00','09:15:00');
	INSERT INTO assign_to VALUES('VRB','UE17CS253',4,'G','B-G07','Wednesday',2,'09:15:00','10:15:00');
	INSERT INTO assign_to VALUES('CBR','UE17CS256',4,'G','B-105C,D','Wednesday',3,'10:45:00','11:45:00');
	INSERT INTO assign_to VALUES('CBR','UE17CS256',4,'G','B-105C,D','Wednesday',4,'11:45:00','12:45:00');
	INSERT INTO assign_to VALUES('CBH','UE17CS256',4,'G','B-105C,D','Wednesday',3,'10:45:00','11:45:00');
	INSERT INTO assign_to VALUES('CBH','UE17CS256',4,'G','B-105C,D','Wednesday',4,'11:45:00','12:45:00');
	INSERT INTO assign_to VALUES('RR','UE17CS256',4,'G','B-105C,D','Wednesday',3,'10:45:00','11:45:00');
	INSERT INTO assign_to VALUES('RR','UE17CS256',4,'G','B-105C,D','Wednesday',4,'11:45:00','12:45:00');
	INSERT INTO assign_to VALUES('VRB','UE17CS253',4,'G','B-G07','Thursday',1,'08:15:00','09:15:00');
	INSERT INTO assign_to VALUES('SVI','UE17CS254',4,'G','B-G07','Thursday',2,'09:15:00','10:15:00');
	INSERT INTO assign_to VALUES('SK','UE17CS251',4,'G','B-G07','Thursday',3,'10:45:00','11:45:00');
	INSERT INTO assign_to VALUES('SK','UE17CS251',4,'G','B-G07','Thursday',4,'11:45:00','12:45:00');
	INSERT INTO assign_to VALUES('Dr.MHR','UE17CS252',4,'G','B-G07','Thursday',5,'13:30:00','14:30:00');
	INSERT INTO assign_to VALUES('CBH','UE17MA251',4,'G','B-G07','Thursday',6,'14:30:00','15:30:00');
	INSERT INTO assign_to VALUES('SVI','UE17CS254',4,'G','B-G07','Friday',1,'08:15:00','09:15:00');
	INSERT INTO assign_to VALUES('CBH','UE17MA251',4,'G','B-G07','Friday',2,'09:15:00','10:15:00');
	INSERT INTO assign_to VALUES('SK','UE17CS251',4,'G','B-G07','Friday',3,'10:45:00','11:45:00');
	INSERT INTO assign_to VALUES('SK','UE17CS251',4,'G','B-G07','Friday',4,'11:45:00','12:45:00');
	INSERT INTO assign_to VALUES('RJ','UE17CS254',4,'H','B-G06','Monday',1,'08:15:00','09:15:00');
	INSERT INTO assign_to VALUES('VJ','UE17CS252',4,'H','B-G06','Monday',2,'09:15:00','10:15:00');
	INSERT INTO assign_to VALUES('Dr.JR','UE17CS253',4,'H','B-G06','Monday',3,'10:45:00','11:45:00');
	INSERT INTO assign_to VALUES('Dr.NKS','UE17MA251',4,'H','B-G06','Monday',4,'11:45:00','12:45:00');
	INSERT INTO assign_to VALUES('DSJ','UE17CS254',4,'H','B-G09,G10','Monday',5,'13:30:00','14:30:00');
	INSERT INTO assign_to VALUES('DSJ','UE17CS254',4,'H','B-G09,G10','Monday',6,'14:30:00','15:30:00');
	INSERT INTO assign_to VALUES('PP','UE17CS255',4,'H','B-G09,G10','Monday',5,'13:30:00','14:30:00');
	INSERT INTO assign_to VALUES('PP','UE17CS255',4,'H','B-G09,G10','Monday',6,'14:30:00','15:30:00');
	INSERT INTO assign_to VALUES('AS','UE17CS255',4,'H','B-G09,G10','Monday',5,'13:30:00','14:30:00');
	INSERT INTO assign_to VALUES('AS','UE17CS255',4,'H','B-G09,G10','Monday',6,'14:30:00','15:30:00');
	INSERT INTO assign_to VALUES('SK','UE17CS251',4,'H','B-G06','Tuesday',1,'08:15:00','09:15:00');
	INSERT INTO assign_to VALUES('SK','UE17CS251',4,'H','B-G06','Tuesday',2,'09:15:00','10:15:00');
	INSERT INTO assign_to VALUES('RJ','UE17CS254',4,'H','B-G06','Tuesday',3,'10:45:00','11:45:00');
	INSERT INTO assign_to VALUES('VJ','UE17CS252',4,'H','B-G06','Tuesday',4,'11:45:00','12:45:00');
	INSERT INTO assign_to VALUES('Dr.JR','UE17CS253',4,'H','B-G06','Tuesday',5,'13:30:00','14:30:00');
	INSERT INTO assign_to VALUES('Dr.NKS','UE17MA251',4,'H','B-G06','Tuesday',6,'14:30:00','15:30:00');
	INSERT INTO assign_to VALUES('Dr.JR','UE17CS253',4,'H','B-G06','Wednesday',1,'08:15:00','09:15:00');
	INSERT INTO assign_to VALUES('RJ','UE17CS254',4,'H','B-G06','Wednesday',2,'09:15:00','10:15:00');
	INSERT INTO assign_to VALUES('Dr.NKS','UE17MA251',4,'H','B-G06','Wednesday',3,'10:45:00','11:45:00');
	INSERT INTO assign_to VALUES('Dr.NKS','UE17MA251',4,'H','B-G06','Wednesday',4,'11:45:00','12:45:00');
	INSERT INTO assign_to VALUES('SK','UE17CS251',4,'H','B-G06','Thursday',1,'08:15:00','09:15:00');
	INSERT INTO assign_to VALUES('SK','UE17CS251',4,'H','B-G06','Thursday',2,'09:15:00','10:15:00');
	INSERT INTO assign_to VALUES('VJ','UE17CS252',4,'H','B-G06','Thursday',3,'10:45:00','11:45:00');
	INSERT INTO assign_to VALUES('RJ','UE17CS254',4,'H','B-G06','Thursday',4,'11:45:00','12:45:00');
	INSERT INTO assign_to VALUES('Dr.NKS','UE17MA251',4,'H','B-G06','Thursday',5,'13:30:00','14:30:00');
	INSERT INTO assign_to VALUES('CBR','UE17CS256',4,'H','B-105C,D','Friday',1,'08:15:00','09:15:00');
	INSERT INTO assign_to VALUES('CBR','UE17CS256',4,'H','B-105C,D','Friday',2,'09:15:00','10:15:00');
	INSERT INTO assign_to VALUES('KSS','UE17CS256',4,'H','B-105C,D','Friday',1,'08:15:00','09:15:00');
	INSERT INTO assign_to VALUES('KSS','UE17CS256',4,'H','B-105C,D','Friday',2,'09:15:00','10:15:00');
	INSERT INTO assign_to VALUES('VJ','UE17CS252',4,'H','B-G06','Friday',3,'10:45:00','11:45:00');
	INSERT INTO assign_to VALUES('Dr.JR','UE17CS253',4,'H','B-G06','Friday',4,'11:45:00','12:45:00');
	INSERT INTO assign_to VALUES('NMP','UE16CS352',6, 'A', 'B-207', 'Monday', 1, '8:15:00', '9:15:00');
	INSERT INTO assign_to VALUES('NMP','UE16CS352',6, 'A', 'B-207', 'Monday', 2, '9:15:00', '10:15:00');
	INSERT INTO assign_to VALUES('SHR','UE16CS353',6, 'A', 'B-207', 'Monday', 3, '10:45:00', '11:45:00');
	INSERT INTO assign_to VALUES('SHR','UE16CS353',6, 'A', 'B-207', 'Monday', 4, '11:45:00', '12:45:00');
	INSERT INTO assign_to VALUES('KSS','UE16CS354',6, 'A', 'B-105C,D', 'Tuesday', 3, '10:45:00', '11:45:00');
	INSERT INTO assign_to VALUES('KSS','UE16CS354',6, 'A', 'B-105C,D', 'Tuesday', 4, '11:45:00', '12:45:00');
	INSERT INTO assign_to VALUES('PM','UE16CS354',6, 'A', 'B-105C,D', 'Tuesday', 3, '10:45:00', '11:45:00');
	INSERT INTO assign_to VALUES('PM','UE16CS354',6, 'A', 'B-105C,D', 'Tuesday', 4, '11:45:00', '12:45:00');
	INSERT INTO assign_to VALUES('AMJ','UE16CS355',6, 'A', 'B-205C,D','Wednesday',1,'08:15:00','09:15:00');
	INSERT INTO assign_to VALUES('AMJ','UE16CS355',6, 'A', 'B-205C,D','Wednesday',2,'09:15:00','10:15:00');
	INSERT INTO assign_to VALUES('PRD','UE16CS355',6, 'A', 'B-205C,D','Wednesday',1,'08:15:00','09:15:00');
	INSERT INTO assign_to VALUES('PRD','UE16CS355',6, 'A', 'B-205C,D','Wednesday',2,'09:15:00','10:15:00');
	INSERT INTO assign_to VALUES('KSS','UE16CS351',6, 'A', 'B-207', 'Wednesday', 3, '10:45:00', '11:45:00');
	INSERT INTO assign_to VALUES('KSS','UE16CS351',6, 'A', 'B-207', 'Wednesday', 4, '11:45:00', '12:45:00');
	INSERT INTO assign_to VALUES('KSS','UE16CS351',6, 'A', 'B-207', 'Thursday', 3, '10:45:00', '11:45:00');
	INSERT INTO assign_to VALUES('KSS','UE16CS351',6, 'A', 'B-207', 'Thursday', 4, '11:45:00', '12:45:00');
	INSERT INTO assign_to VALUES('NMP','UE16CS352',6, 'A', 'B-207', 'Friday', 3, '10:45:00', '11:45:00');
	INSERT INTO assign_to VALUES('NMP','UE16CS352',6, 'A', 'B-207', 'Friday', 4, '11:45:00', '12:45:00');
	INSERT INTO assign_to VALUES('SHR','UE16CS353',6, 'A', 'B-207', 'Friday', 5, '13:30:00', '14:30:00');
	INSERT INTO assign_to VALUES('SHR','UE16CS353',6, 'A', 'B-207', 'Friday', 6, '14:30:00', '15:30:00');
	INSERT INTO assign_to VALUES('SMP','UE16CS353',6, 'B', 'B-G08', 'Monday', 1, '8:15:00', '9:15:00');
	INSERT INTO assign_to VALUES('SMP','UE16CS353',6, 'B', 'B-G08', 'Monday', 2, '9:15:00', '10:15:00');
	INSERT INTO assign_to VALUES('Dr.KVS','UE16CS352',6, 'B', 'B-GSH', 'Monday', 3, '10:45:00', '11:45:00');
	INSERT INTO assign_to VALUES('Dr.KVS','UE16CS352',6, 'B', 'B-GSH', 'Monday', 4, '11:45:00', '12:45:00');
	INSERT INTO assign_to VALUES('VM','UE16CS351',6, 'B', 'B-G08', 'Tuesday', 3, '10:45:00', '11:45:00');
	INSERT INTO assign_to VALUES('VM','UE16CS351',6, 'B', 'B-G08', 'Tuesday', 4, '11:45:00', '12:45:00');
	INSERT INTO assign_to VALUES('VM','UE16CS351',6, 'B', 'B-G08', 'Wednesday', 1, '8:15:00', '9:15:00');
	INSERT INTO assign_to VALUES('VM','UE16CS351',6, 'B', 'B-G08', 'Wednesday', 2, '9:15:00', '10:15:00');
	INSERT INTO assign_to VALUES('Dr.KVS','UE16CS352',6, 'B', 'B-GSH', 'Wednesday', 3, '10:45:00', '11:45:00');
	INSERT INTO assign_to VALUES('Dr.KVS','UE16CS352',6, 'B', 'B-GSH', 'Wednesday', 4, '11:45:00', '12:45:00');
	INSERT INTO assign_to VALUES('PRD','UE16CS355',6, 'B', 'B-205C,D', 'Thursday', 3, '10:45:00', '11:45:00');
	INSERT INTO assign_to VALUES('PRD','UE16CS355',6, 'B', 'B-205C,D', 'Thursday', 4, '11:45:00', '12:45:00');
	INSERT INTO assign_to VALUES('AMJ','UE16CS355',6, 'B', 'B-205C,D', 'Thursday', 3, '10:45:00', '11:45:00');
	INSERT INTO assign_to VALUES('AMJ','UE16CS355',6, 'B', 'B-205C,D', 'Thursday', 4, '11:45:00', '12:45:00');
	INSERT INTO assign_to VALUES('OS','UE16CS355',6, 'B', 'B-205C,D', 'Thursday', 3, '10:45:00', '11:45:00');
	INSERT INTO assign_to VALUES('OS','UE16CS355',6, 'B', 'B-205C,D', 'Thursday', 4, '11:45:00', '12:45:00');
	INSERT INTO assign_to VALUES('SMP','UE16CS353',6, 'B', 'B-G08', 'Friday', 3, '10:45:00', '11:45:00');
	INSERT INTO assign_to VALUES('SMP','UE16CS353',6, 'B', 'B-G08', 'Friday', 4, '11:45:00', '12:45:00');
	INSERT INTO assign_to VALUES('VM','UE16CS351',6, 'B', 'B-105C,D', 'Friday', 5,'13:30:00','14:30:00');
	INSERT INTO assign_to VALUES('VM','UE16CS351',6, 'B', 'B-105C,D', 'Friday', 6,'14:30:00','15:30:00');
	INSERT INTO assign_to VALUES('COP','UE16CS351',6, 'B', 'B-105C,D', 'Friday', 5,'13:30:00','14:30:00');
	INSERT INTO assign_to VALUES('COP','UE16CS351',6, 'B', 'B-105C,D', 'Friday', 6,'14:30:00','15:30:00');
	INSERT INTO assign_to VALUES('PK','UE16CS354',6, 'B', 'B-105C,D', 'Friday', 5,'13:30:00','14:30:00');
	INSERT INTO assign_to VALUES('PK','UE16CS354',6, 'B', 'B-105C,D', 'Friday', 6,'14:30:00','15:30:00');
	INSERT INTO assign_to VALUES('KSS','UE16CS354',6, 'B', 'B-105C,D', 'Friday', 5,'13:30:00','14:30:00');
	INSERT INTO assign_to VALUES('KSS','UE16CS354',6, 'B', 'B-105C,D', 'Friday', 6,'14:30:00','15:30:00');
	INSERT INTO assign_to VALUES('AMJ','UE16CS355',6, 'C', 'B-205C,D','Monday',1,'08:15:00','09:15:00');
	INSERT INTO assign_to VALUES('AMJ','UE16CS355',6, 'C', 'B-205C,D','Monday',2,'09:15:00','10:15:00');
	INSERT INTO assign_to VALUES('PRD','UE16CS355',6, 'C', 'B-205C,D','Monday',1,'08:15:00','09:15:00');
	INSERT INTO assign_to VALUES('PRD','UE16CS355',6, 'C', 'B-205C,D','Monday',2,'09:15:00','10:15:00');
	INSERT INTO assign_to VALUES('OS','UE16CS355',6, 'C', 'B-205C,D','Monday',1,'08:15:00','09:15:00');
	INSERT INTO assign_to VALUES('OS','UE16CS355',6, 'C', 'B-205C,D','Monday',2,'09:15:00','10:15:00');
	INSERT INTO assign_to VALUES('RHB','UE16CS352',6, 'C', 'B-212', 'Monday', 3, '10:45:00', '11:45:00');
	INSERT INTO assign_to VALUES('RHB','UE16CS352',6, 'C', 'B-212', 'Monday', 4, '11:45:00', '12:45:00');
	INSERT INTO assign_to VALUES('PK','UE16CS351',6, 'C', 'B-212', 'Tuesday', 3, '10:45:00', '11:45:00');
	INSERT INTO assign_to VALUES('PK','UE16CS351',6, 'C', 'B-212', 'Tuesday', 4, '11:45:00', '12:45:00');
	INSERT INTO assign_to VALUES('PK','UE16CS354',6, 'C', 'B-105C,D','Wednesday',1,'08:15:00','09:15:00');
	INSERT INTO assign_to VALUES('PK','UE16CS354',6, 'C', 'B-105C,D','Wednesday',2,'09:15:00','10:15:00');
	INSERT INTO assign_to VALUES('KSS','UE16CS354',6, 'C', 'B-105C,D','Wednesday',1,'08:15:00','09:15:00');
	INSERT INTO assign_to VALUES('KSS','UE16CS354',6, 'C', 'B-105C,D','Wednesday',2,'09:15:00','10:15:00');
	INSERT INTO assign_to VALUES('NMP','UE16CS354',6, 'C', 'B-105C,D','Wednesday',1,'08:15:00','09:15:00');
	INSERT INTO assign_to VALUES('NMP','UE16CS354',6, 'C', 'B-105C,D','Wednesday',2,'09:15:00','10:15:00');
	INSERT INTO assign_to VALUES('VRB','UE16CS353',6, 'C', 'B-212', 'Wednesday', 3, '10:45:00', '11:45:00');
	INSERT INTO assign_to VALUES('VRB','UE16CS353',6, 'C', 'B-212', 'Wednesday', 4, '11:45:00', '12:45:00');
	INSERT INTO assign_to VALUES('PK','UE16CS351',6, 'C', 'B-212', 'Thursday', 3, '10:45:00', '11:45:00');
	INSERT INTO assign_to VALUES('PK','UE16CS351',6, 'C', 'B-212', 'Thursday', 4, '11:45:00', '12:45:00');
	INSERT INTO assign_to VALUES('VRB','UE16CS353',6, 'C', 'B-212', 'Friday', 3, '10:45:00', '11:45:00');
	INSERT INTO assign_to VALUES('VRB','UE16CS353',6, 'C', 'B-212', 'Friday', 4, '11:45:00', '12:45:00');
	INSERT INTO assign_to VALUES('RHB','UE16CS352',6, 'C', 'B-212', 'Friday', 5, '13:30:00', '14:30:00');
	INSERT INTO assign_to VALUES('RHB','UE16CS352',6, 'C', 'B-212', 'Friday', 6, '14:30:00', '15:30:00');
	INSERT INTO assign_to VALUES('VM','UE16CS351',6, 'D', 'B-206', 'Monday', 1, '8:15:00', '9:15:00');
	INSERT INTO assign_to VALUES('VM','UE16CS351',6, 'D', 'B-206', 'Monday', 2, '9:15:00', '10:15:00');
	INSERT INTO assign_to VALUES('Dr.KVS','UE16CS352',6, 'D', 'B-GSH', 'Monday', 3, '10:45:00', '11:45:00');
	INSERT INTO assign_to VALUES('Dr.KVS','UE16CS352',6, 'D', 'B-GSH', 'Monday', 4, '11:45:00', '12:45:00');
	INSERT INTO assign_to VALUES('PRD','UE16CS355',6, 'D', 'B-205C,D', 'Tuesday', 3, '10:45:00', '11:45:00');
	INSERT INTO assign_to VALUES('PRD','UE16CS355',6, 'D', 'B-205C,D', 'Tuesday', 4, '11:45:00', '12:45:00');
	INSERT INTO assign_to VALUES('AMJ','UE16CS355',6, 'D', 'B-205C,D', 'Tuesday', 3, '10:45:00', '11:45:00');
	INSERT INTO assign_to VALUES('AMJ','UE16CS355',6, 'D', 'B-205C,D', 'Tuesday', 4, '11:45:00', '12:45:00');
	INSERT INTO assign_to VALUES('CB','UE16CS353',6, 'D', 'B-206', 'Wednesday', 1, '8:15:00', '9:15:00');
	INSERT INTO assign_to VALUES('CB','UE16CS353',6, 'D', 'B-206', 'Wednesday', 2, '9:15:00', '10:15:00');
	INSERT INTO assign_to VALUES('Dr.KVS','UE16CS352',6, 'D', 'B-GSH', 'Wednesday', 3, '10:45:00', '11:45:00');
	INSERT INTO assign_to VALUES('Dr.KVS','UE16CS352',6, 'D', 'B-GSH', 'Wednesday', 4, '11:45:00', '12:45:00');
	INSERT INTO assign_to VALUES('VM','UE16CS354',6, 'D', 'B-G05C,D', 'Thursday', 3, '10:45:00', '11:45:00');
	INSERT INTO assign_to VALUES('VM','UE16CS354',6, 'D', 'B-G05C,D', 'Thursday', 4, '11:45:00', '12:45:00');
	INSERT INTO assign_to VALUES('SVI','UE16CS354',6, 'D', 'B-G05C,D', 'Thursday', 3, '10:45:00', '11:45:00');
	INSERT INTO assign_to VALUES('SVI','UE16CS354',6, 'D', 'B-G05C,D', 'Thursday', 4, '11:45:00', '12:45:00');
	INSERT INTO assign_to VALUES('VM','UE16CS351',6, 'D', 'B-206', 'Friday', 3, '10:45:00', '11:45:00');
	INSERT INTO assign_to VALUES('VM','UE16CS351',6, 'D', 'B-206', 'Friday', 4, '11:45:00', '12:45:00');
	INSERT INTO assign_to VALUES('CB','UE16CS353',6, 'D', 'B-206', 'Friday', 5, '13:30:00', '14:30:00');
	INSERT INTO assign_to VALUES('CB','UE16CS353',6, 'D', 'B-206', 'Friday', 6, '14:30:00', '15:30:00');
	INSERT INTO assign_to VALUES('KP','UE16CS351',6, 'E', 'B-S01', 'Monday', 1, '8:15:00', '9:15:00');
	INSERT INTO assign_to VALUES('KP','UE16CS351',6, 'E', 'B-S01', 'Monday', 2, '9:15:00', '10:15:00');
	INSERT INTO assign_to VALUES('CB','UE16CS353',6, 'E', 'B-S01', 'Monday', 3, '10:45:00', '11:45:00');
	INSERT INTO assign_to VALUES('CB','UE16CS353',6, 'E', 'B-S01', 'Monday', 4, '11:45:00', '12:45:00');
	INSERT INTO assign_to VALUES('KP','UE16CS351',6, 'E', 'B-S01', 'Tuesday', 3, '10:45:00', '11:45:00');
	INSERT INTO assign_to VALUES('KP','UE16CS351',6, 'E', 'B-S01', 'Tuesday', 4, '11:45:00', '12:45:00');
	INSERT INTO assign_to VALUES('SRS','UE16CS352',6, 'E', 'B-S01', 'Wednesday', 1, '8:15:00', '9:15:00');
	INSERT INTO assign_to VALUES('SRS','UE16CS352',6, 'E', 'B-S01', 'Wednesday', 2, '9:15:00', '10:15:00');
	INSERT INTO assign_to VALUES('AMJ','UE16CS355',6, 'E', 'B-205C,D', 'Wednesday', 3, '10:45:00', '11:45:00');
	INSERT INTO assign_to VALUES('AMJ','UE16CS355',6, 'E', 'B-205C,D', 'Wednesday', 4, '11:45:00', '12:45:00');
	INSERT INTO assign_to VALUES('PP','UE16CS355',6, 'E', 'B-205C,D', 'Wednesday', 3, '10:45:00', '11:45:00');
	INSERT INTO assign_to VALUES('PP','UE16CS355',6, 'E', 'B-205C,D', 'Wednesday', 4, '11:45:00', '12:45:00');
	INSERT INTO assign_to VALUES('PM','UE16CS355',6, 'E', 'B-205C,D', 'Wednesday', 3, '10:45:00', '11:45:00');
	INSERT INTO assign_to VALUES('PM','UE16CS355',6, 'E', 'B-205C,D', 'Wednesday', 4, '11:45:00', '12:45:00');
	INSERT INTO assign_to VALUES('CB','UE16CS353',6, 'E', 'B-S01', 'Thursday', 3, '10:45:00', '11:45:00');
	INSERT INTO assign_to VALUES('CB','UE16CS353',6, 'E', 'B-S01', 'Thursday', 4, '11:45:00', '12:45:00');
	INSERT INTO assign_to VALUES('SVI','UE16CS354',6, 'E', 'B-G05C,D', 'Friday', 3, '10:45:00', '11:45:00');
	INSERT INTO assign_to VALUES('SVI','UE16CS354',6, 'E', 'B-G05C,D', 'Friday', 4, '11:45:00', '12:45:00');
	INSERT INTO assign_to VALUES('DSJ','UE16CS354',6, 'E', 'B-G05C,D', 'Friday', 3, '10:45:00', '11:45:00');
	INSERT INTO assign_to VALUES('DSJ','UE16CS354',6, 'E', 'B-G05C,D', 'Friday', 4, '11:45:00', '12:45:00');
	INSERT INTO assign_to VALUES('KSS','UE16CS354',6, 'E', 'B-G05C,D', 'Friday', 3, '10:45:00', '11:45:00');
	INSERT INTO assign_to VALUES('KSS','UE16CS354',6, 'E', 'B-G05C,D', 'Friday', 4, '11:45:00', '12:45:00');
	INSERT INTO assign_to VALUES('SRS','UE16CS352',6, 'E', 'B-S01', 'Friday', 5, '13:30:00', '14:30:00');
	INSERT INTO assign_to VALUES('SRS','UE16CS352',6, 'E', 'B-S01', 'Friday', 6, '14:30:00', '15:30:00');
	INSERT INTO assign_to VALUES('KSS','UE16CS354',6, 'F', 'B-105C,D', 'Monday', 1, '8:15:00', '9:15:00');
	INSERT INTO assign_to VALUES('KSS','UE16CS354',6, 'F', 'B-105C,D', 'Monday', 2, '9:15:00', '10:15:00');
	INSERT INTO assign_to VALUES('SRS','UE16CS354',6, 'F', 'B-105C,D', 'Monday', 1, '8:15:00', '9:15:00');
	INSERT INTO assign_to VALUES('SRS','UE16CS354',6, 'F', 'B-105C,D', 'Monday', 2, '9:15:00', '10:15:00');
	INSERT INTO assign_to VALUES('Dr.SS','UE16CS353',6, 'F', 'B-S02', 'Monday', 3, '10:45:00', '11:45:00');
	INSERT INTO assign_to VALUES('Dr.SS','UE16CS353',6, 'F', 'B-S02', 'Monday', 4, '11:45:00', '12:45:00');
	INSERT INTO assign_to VALUES('SRS','UE16CS352',6, 'F', 'B-S02', 'Tuesday', 3, '10:45:00', '11:45:00');
	INSERT INTO assign_to VALUES('SRS','UE16CS352',6, 'F', 'B-S02', 'Tuesday', 4, '11:45:00', '12:45:00');
	INSERT INTO assign_to VALUES('VJ','UE16CS351',6, 'F', 'B-S02', 'Wednesday', 1, '8:15:00', '9:15:00');
	INSERT INTO assign_to VALUES('VJ','UE16CS351',6, 'F', 'B-S02', 'Wednesday', 2, '9:15:00', '10:15:00');
	INSERT INTO assign_to VALUES('Dr.SS','UE16CS353',6, 'F', 'B-S02', 'Wednesday', 3, '10:45:00', '11:45:00');
	INSERT INTO assign_to VALUES('Dr.SS','UE16CS353',6, 'F', 'B-S02', 'Wednesday', 4, '11:45:00', '12:45:00');
	INSERT INTO assign_to VALUES('SRS','UE16CS352',6, 'F', 'B-S02', 'Thursday', 3, '10:45:00', '11:45:00');
	INSERT INTO assign_to VALUES('SRS','UE16CS352',6, 'F', 'B-S02', 'Thursday', 4, '11:45:00', '12:45:00');
	INSERT INTO assign_to VALUES('AMJ','UE16CS355',6, 'F', 'B-205C,D', 'Friday', 3, '10:45:00', '11:45:00');
	INSERT INTO assign_to VALUES('AMJ','UE16CS355',6, 'F', 'B-205C,D', 'Friday', 4, '11:45:00', '12:45:00');
	INSERT INTO assign_to VALUES('PRD','UE16CS355',6, 'F', 'B-205C,D', 'Friday', 3, '10:45:00', '11:45:00');
	INSERT INTO assign_to VALUES('PRD','UE16CS355',6, 'F', 'B-205C,D', 'Friday', 4, '11:45:00', '12:45:00');
	INSERT INTO assign_to VALUES('PP','UE16CS355',6, 'F', 'B-205C,D', 'Friday', 3, '10:45:00', '11:45:00');
	INSERT INTO assign_to VALUES('PP','UE16CS355',6, 'F', 'B-205C,D', 'Friday', 4, '11:45:00', '12:45:00');
	INSERT INTO assign_to VALUES('VJ','UE16CS351',6, 'F', 'B-S02', 'Friday', 5, '13:30:00', '14:30:00');
	INSERT INTO assign_to VALUES('VJ','UE16CS351',6, 'F', 'B-S02', 'Friday', 6, '14:30:00', '15:30:00');
	INSERT INTO assign_to VALUES('SHR','UE16CS353',6, 'G', 'B-104', 'Monday', 1, '8:15:00', '9:15:00');
	INSERT INTO assign_to VALUES('SHR','UE16CS353',6, 'G', 'B-104', 'Monday', 2, '9:15:00', '10:15:00');
	INSERT INTO assign_to VALUES('AMJ','UE16CS355',6, 'G', 'B-205C,D', 'Monday', 3, '10:45:00', '11:45:00');
	INSERT INTO assign_to VALUES('AMJ','UE16CS355',6, 'G', 'B-205C,D', 'Monday', 4, '11:45:00', '12:45:00');
	INSERT INTO assign_to VALUES('CBH','UE16CS355',6, 'G', 'B-205C,D', 'Monday', 3, '10:45:00', '11:45:00');
	INSERT INTO assign_to VALUES('CBH','UE16CS355',6, 'G', 'B-205C,D', 'Monday', 4, '11:45:00', '12:45:00');
	INSERT INTO assign_to VALUES('RJ','UE16CS355',6, 'G', 'B-205C,D', 'Monday', 3, '10:45:00', '11:45:00');
	INSERT INTO assign_to VALUES('RJ','UE16CS355',6, 'G', 'B-205C,D', 'Monday', 4, '11:45:00', '12:45:00');
	INSERT INTO assign_to VALUES('NMP','UE16CS352',6, 'G', 'B-104', 'Tuesday', 3, '10:45:00', '11:45:00');
	INSERT INTO assign_to VALUES('NMP','UE16CS352',6, 'G', 'B-104', 'Tuesday', 4, '11:45:00', '12:45:00');
	INSERT INTO assign_to VALUES('KP','UE16CS351',6, 'G', 'B-104', 'Wednesday', 1, '8:15:00', '9:15:00');
	INSERT INTO assign_to VALUES('KP','UE16CS351',6, 'G', 'B-104', 'Wednesday', 2, '9:15:00', '10:15:00');
	INSERT INTO assign_to VALUES('VJ','UE16CS354',6, 'G', 'B-G05C,D', 'Wednesday', 3, '10:45:00', '11:45:00');
	INSERT INTO assign_to VALUES('VJ','UE16CS354',6, 'G', 'B-G05C,D', 'Wednesday', 4, '11:45:00', '12:45:00');
	INSERT INTO assign_to VALUES('VM','UE16CS354',6, 'G', 'B-G05C,D', 'Wednesday', 3, '10:45:00', '11:45:00');
	INSERT INTO assign_to VALUES('VM','UE16CS354',6, 'G', 'B-G05C,D', 'Wednesday', 4, '11:45:00', '12:45:00');
	INSERT INTO assign_to VALUES('SVI','UE16CS354',6, 'G', 'B-G05C,D', 'Wednesday', 3, '10:45:00', '11:45:00');
	INSERT INTO assign_to VALUES('SVI','UE16CS354',6, 'G', 'B-G05C,D', 'Wednesday', 4, '11:45:00', '12:45:00');
	INSERT INTO assign_to VALUES('NMP','UE16CS352',6, 'G', 'B-104', 'Thursday', 3, '10:45:00', '11:45:00');
	INSERT INTO assign_to VALUES('KP','UE16CS351',6, 'G', 'B-104', 'Thursday', 4, '11:45:00', '12:45:00');
	INSERT INTO assign_to VALUES('SHR','UE16CS353',6, 'G', 'B-104', 'Friday', 3, '10:45:00', '11:45:00');
	INSERT INTO assign_to VALUES('SHR','UE16CS353',6, 'G', 'B-104', 'Friday', 4, '11:45:00', '12:45:00');
	INSERT INTO assign_to VALUES('NMP','UE16CS352',6, 'G', 'B-104', 'Friday', 5, '13:30:00', '14:30:00');
	INSERT INTO assign_to VALUES('KP','UE16CS351',6, 'G', 'B-104', 'Friday', 6, '14:30:00', '15:30:00');
	INSERT INTO assign_to VALUES('COP','UE16CS351',6, 'H', 'B-211', 'Monday', 1, '8:15:00', '9:15:00');
	INSERT INTO assign_to VALUES('COP','UE16CS351',6, 'H', 'B-211', 'Monday', 2, '9:15:00', '10:15:00');
	INSERT INTO assign_to VALUES('VJ','UE16CS354',6, 'H', 'B-105C,D', 'Monday', 3, '10:45:00', '11:45:00');
	INSERT INTO assign_to VALUES('VJ','UE16CS354',6, 'H', 'B-105C,D', 'Monday', 4, '11:45:00', '12:45:00');
	INSERT INTO assign_to VALUES('VM','UE16CS354',6, 'H', 'B-105C,D', 'Monday', 3, '10:45:00', '11:45:00');
	INSERT INTO assign_to VALUES('VM','UE16CS354',6, 'H', 'B-105C,D', 'Monday', 4, '11:45:00', '12:45:00');
	INSERT INTO assign_to VALUES('COP','UE16CS354',6, 'H', 'B-105C,D', 'Monday', 3, '10:45:00', '11:45:00');
	INSERT INTO assign_to VALUES('COP','UE16CS354',6, 'H', 'B-105C,D', 'Monday', 4, '11:45:00', '12:45:00');
	INSERT INTO assign_to VALUES('RHB','UE16CS352',6, 'H', 'B-211', 'Tuesday', 3, '10:45:00', '11:45:00');
	INSERT INTO assign_to VALUES('RHB','UE16CS352',6, 'H', 'B-211', 'Tuesday', 4, '11:45:00', '12:45:00');
	INSERT INTO assign_to VALUES('RHB','UE16CS352',6, 'H', 'B-211', 'Wednesday', 1, '8:15:00', '9:15:00');
	INSERT INTO assign_to VALUES('RHB','UE16CS352',6, 'H', 'B-211', 'Wednesday', 2, '9:15:00', '10:15:00');
	INSERT INTO assign_to VALUES('NSK','UE16CS353',6, 'H', 'B-211', 'Wednesday', 3, '10:45:00', '11:45:00');
	INSERT INTO assign_to VALUES('NSK','UE16CS353',6, 'H', 'B-211', 'Wednesday', 4, '11:45:00', '12:45:00');
	INSERT INTO assign_to VALUES('COP','UE16CS351',6, 'H', 'B-211', 'Thursday', 3, '10:45:00', '11:45:00');
	INSERT INTO assign_to VALUES('COP','UE16CS351',6, 'H', 'B-211', 'Thursday', 4, '11:45:00', '12:45:00');
	INSERT INTO assign_to VALUES('NSK','UE16CS353',6, 'H', 'B-211', 'Friday', 3, '10:45:00', '11:45:00');
	INSERT INTO assign_to VALUES('NSK','UE16CS353',6, 'H', 'B-211', 'Friday', 4, '11:45:00', '12:45:00');
	INSERT INTO assign_to VALUES('PP','UE16CS355',6, 'H', 'B-205C,D', 'Friday', 5, '13:30:00', '14:30:00');
	INSERT INTO assign_to VALUES('PP','UE16CS355',6, 'H', 'B-205C,D', 'Friday', 6, '14:30:00', '15:30:00');
	INSERT INTO assign_to VALUES('RJ','UE16CS355',6, 'H', 'B-205C,D', 'Friday', 5, '13:30:00', '14:30:00');
	INSERT INTO assign_to VALUES('RJ','UE16CS355',6, 'H', 'B-205C,D', 'Friday', 6, '14:30:00', '15:30:00');
	INSERT INTO assign_to VALUES('AMJ','UE16CS355',6, 'H', 'B-205C,D', 'Friday', 5, '13:30:00', '14:30:00');
	INSERT INTO assign_to VALUES('AMJ','UE16CS355',6, 'H', 'B-205C,D', 'Friday', 6, '14:30:00', '15:30:00');

--Insert values into course table

INSERT INTO course VALUES('UE17MA251', 'LA', '4');
	INSERT INTO course VALUES('UE17CS251', 'DAA', '4');
	INSERT INTO course VALUES('UE17CS252', 'DBMS', '4');
	INSERT INTO course VALUES('UE17CS253', 'MPCA', '4');
	INSERT INTO course VALUES('UE17CS254', 'TOC', '4');
	INSERT INTO course VALUES('UE17CS255', 'DAA Lab',	'1');
	INSERT INTO course VALUES('UE17CS256', 'MPCA Lab', '1');
	INSERT INTO course VALUES('UE16CS351', 'CD', '4');
	INSERT INTO course VALUES('UE16CS352', 'CC', '4');
	INSERT INTO course VALUES('UE16CS353', 'ML', '4');
	INSERT INTO course VALUES('UE16CS354', 'CD Lab', '1');
	INSERT INTO course VALUES('UE16CS355', 'ML Lab', '1');

--Insert values into lecturer

INSERT INTO lecturer VALUES('COP', 'Prakash C O', 'CSE', 'UE17MA251');
	INSERT INTO lecturer VALUES('DS', 'Dinesh Singh', 'CSE', 'UE17CS251');
	INSERT INTO lecturer VALUES('Dr.MHR', 'Mamatha H R', 'CSE',	'UE17CS252');
	INSERT INTO lecturer VALUES('CGM', 'Chitra G M', 'CSE',	'UE17CS253');
	INSERT INTO lecturer VALUES('HBM', 'H B Mahesh', 'CSE',	'UE17CS254');
	INSERT INTO lecturer VALUES('Dr.NKS', 'Nagegowda K S', 'CSE', 'UE17MA251');
	INSERT INTO lecturer VALUES('NSK', 'N S Kumar', 'CSE', 'UE17CS251');
	INSERT INTO lecturer VALUES('RHB',	'Ramesh H Bhat', 'CSE',	'UE17CS252');
	INSERT INTO lecturer VALUES('VRB', 'V R Badriprasad', 'CSE', 'UE17CS253');
	INSERT INTO lecturer VALUES('PK', 'Preet Kanwal', 'CSE', 'UE17CS254');
	INSERT INTO lecturer VALUES('Dr.UD', 'Uma D', 'CSE', 'UE17MA251');
	INSERT INTO lecturer VALUES('CB', 'Channabankapur', 'CSE', 'UE17CS251');
	INSERT INTO lecturer VALUES('RBA', 'Raghu B A', 'CSE', 'UE17CS252');
	INSERT INTO lecturer VALUES('RR', 'Roopa Ravish', 'CSE', 'UE17CS253');
	INSERT INTO lecturer VALUES('PP', 'Preeti P', 'CSE', 'UE17CS251');
	INSERT INTO lecturer VALUES('KP', 'Kiran P', 'CSE',	'UE17CS252');
	INSERT INTO lecturer VALUES('DSJ', 'Divya S J', 'CSE', 'UE17CS254');
	INSERT INTO lecturer VALUES('ND', 'Nypunya D', 'CSE', 'UE17MA251');
	INSERT INTO lecturer VALUES('Dr.SSS', 'Shylaja S S', 'CSE',	'UE17CS251');
	INSERT INTO lecturer VALUES('PB', 'Priya Badrinath', 'CSE',	'UE17CS252');
	INSERT INTO lecturer VALUES('Dr.JR', 'Jayashree R', 'CSE', 'UE17CS253');
	INSERT INTO lecturer VALUES('SVI', 'Sangeetha V I', 'CSE', 'UE17CS254');
	INSERT INTO lecturer VALUES('CBH', 'Chandravva B Hebbi', 'CSE',	'UE17MA251');
	INSERT INTO lecturer VALUES('SK', 'Shruthi Kaivalya', 'CSE', 'UE17CS251');
	INSERT INTO lecturer VALUES('VJ', 'Vinay Joshi', 'CSE',	'UE17CS252');
	INSERT INTO lecturer VALUES('RJ', 'Jyoti R', 'CSE',	'UE17CS254');
	INSERT INTO lecturer VALUES('KSS', 'K Shashikala', 'CSE', 'UE16CS351');
	INSERT INTO lecturer VALUES('NMP',  'Nirupama M P', 'CSE', 'UE16CS352');
	INSERT INTO lecturer VALUES('SHR',  'Srikanth H R', 'CSE', 'UE16CS353');
	INSERT INTO lecturer VALUES('VM',  'Madhura V', 'CSE', 'UE16CS351');
	INSERT INTO lecturer VALUES('Dr.KVS', 'K V Subramaniam', 'CSE', 'UE16CS352');
	INSERT INTO lecturer VALUES('SMP', 'Sreekanth M Prabhu', 'CSE', 'UE16CS353');
	INSERT INTO lecturer VALUES('PK', 'Preet Kanwal', 'CSE', 'UE16CS351');
	INSERT INTO lecturer VALUES('RHB',  'Ramesh H Bhat', 'CSE', 'UE16CS352');
	INSERT INTO lecturer VALUES('VRB',  'V R Badriprasad',  'CSE', 'UE16CS353');
	INSERT INTO lecturer VALUES('CB', 'Channabankapur', 'CSE', 'UE16CS353');
	INSERT INTO lecturer VALUES('KP', 'Kiran P', 'CSE', 'UE16CS351');
	INSERT INTO lecturer VALUES('SRS', 'Samatha R Swamy', 'CSE', 'UE16CS352');
	INSERT INTO lecturer VALUES('VJ', 'Vinay Joshi', 'CSE', 'UE16CS351');
	INSERT INTO lecturer VALUES('Dr.SS',  'Snehanshu Saha',  'CSE', 'UE16CS353');
	INSERT INTO lecturer VALUES('COP',  'Prakash C O',  'CSE', 'UE16CS351');
	INSERT INTO lecturer VALUES('NSK',  'N S Kumar',  'CSE', 'UE16CS353');
	INSERT INTO lecturer VALUES('CGM', 'Chitra G M', 'CSE',	'UE17CS256');
	INSERT INTO lecturer VALUES('RJ', 'Jyoti R', 'CSE',	'UE17CS256');
	INSERT INTO lecturer VALUES('KSS', 'K Shashikala', 'CSE', 'UE17CS256');
	INSERT INTO lecturer VALUES('RR', 'Roopa Ravish', 'CSE', 'UE17CS256');
	INSERT INTO lecturer VALUES('NMP',  'Nirupama M P', 'CSE', 'UE17CS256');
	INSERT INTO lecturer VALUES('CBH', 'Chandravva B Hebbi', 'CSE',	'UE17CS256');
	INSERT INTO lecturer VALUES('CBR', 'CBR', 'CSE',	'UE17CS256');
	INSERT INTO lecturer VALUES('PM', 'PM', 'CSE',	'UE17CS256');
	INSERT INTO lecturer VALUES('NMP',  'Nirupama M P', 'CSE', 'UE17CS255');
	INSERT INTO lecturer VALUES('KSS', 'K Shashikala', 'CSE', 'UE17CS255');
	INSERT INTO lecturer VALUES('DSJ', 'Divya S J', 'CSE', 'UE17CS255');
	INSERT INTO lecturer VALUES('PP', 'Preeti P', 'CSE', 'UE17CS255');
	INSERT INTO lecturer VALUES('COP',  'Prakash C O',  'CSE', 'UE17CS255');
	INSERT INTO lecturer VALUES('VJ', 'Vinay Joshi', 'CSE', 'UE17CS255');
	INSERT INTO lecturer VALUES('SRS', 'Samatha R Swamy', 'CSE', 'UE17CS255');
	INSERT INTO lecturer VALUES('BS', 'BS', 'CSE', 'UE17CS255');
	INSERT INTO lecturer VALUES('PB', 'PB', 'CSE', 'UE17CS255');
	INSERT INTO lecturer VALUES('AS', 'AS', 'CSE', 'UE17CS255');
	INSERT INTO lecturer VALUES('PP', 'Preeti P', 'CSE', 'UE16CS355');
	INSERT INTO lecturer VALUES('CBH', 'Chandravva B Hebbi', 'CSE',	'UE16CS355');
	INSERT INTO lecturer VALUES('RJ', 'Jyoti R', 'CSE',	'UE16CS355');
	INSERT INTO lecturer VALUES('AMJ', 'AMJ', 'CSE',	'UE16CS355');
	INSERT INTO lecturer VALUES('PRD', 'PRD', 'CSE',	'UE16CS355');
	INSERT INTO lecturer VALUES('OS', 'OS', 'CSE',	'UE16CS355');
	INSERT INTO lecturer VALUES('PM', 'PM', 'CSE',	'UE16CS355');
	INSERT INTO lecturer VALUES('COP',  'Prakash C O',  'CSE', 'UE16CS354');
	INSERT INTO lecturer VALUES('VJ', 'Vinay Joshi', 'CSE', 'UE16CS354');
	INSERT INTO lecturer VALUES('VM',  'Madhura V', 'CSE', 'UE16CS354');
	INSERT INTO lecturer VALUES('KSS', 'K Shashikala', 'CSE', 'UE16CS354');
	INSERT INTO lecturer VALUES('NMP',  'Nirupama M P', 'CSE', 'UE16CS354');
	INSERT INTO lecturer VALUES('SVI', 'Sangeetha V I', 'CSE', 'UE16CS354');
	INSERT INTO lecturer VALUES('DSJ', 'Divya S J', 'CSE', 'UE16CS354');
	INSERT INTO lecturer VALUES('SRS', 'Samatha R Swamy', 'CSE', 'UE16CS354');
	INSERT INTO lecturer VALUES('PK', 'Preet Kanwal', 'CSE', 'UE16CS354');
	INSERT INTO lecturer VALUES('PM', 'PM', 'CSE',	'UE16CS354');

--Insert values into offers

INSERT INTO offers VALUES('COP','UE17MA251',4,'A','B-102');
	INSERT INTO offers VALUES('DS','UE17CS251',4,'A','B-102');
	INSERT INTO offers VALUES('Dr.MHR','UE17CS252',4,'A','B-102');
	INSERT INTO offers VALUES('CGM','UE17CS253',4,'A','B-102');
	INSERT INTO offers VALUES('HBM','UE17CS254',4,'A','B-102');
	INSERT INTO offers VALUES('COP','UE17CS255',4,'A','B-G05C,D');
	INSERT INTO offers VALUES('PP','UE17CS255',4,'A','B-G05C,D');
	INSERT INTO offers VALUES('CGM','UE17CS256',4,'A','B-105C,D');
	INSERT INTO offers VALUES('CBH','UE17CS256',4,'A','B-105C,D');
	INSERT INTO offers VALUES('CBR','UE17CS256',4,'A','B-105C,D');
	INSERT INTO offers VALUES('Dr.NKS','UE17MA251',4,'B','B-112');
	INSERT INTO offers VALUES('NSK','UE17CS251',4,'B','B-112');
	INSERT INTO offers VALUES('RHB','UE17CS252',4,'B','B-112');
	INSERT INTO offers VALUES('VRB','UE17CS253',4,'B','B-112');
	INSERT INTO offers VALUES('PK','UE17CS254',4,'B','B-112');
	INSERT INTO offers VALUES('PB','UE17CS255',4,'B','B-G05C,D');
	INSERT INTO offers VALUES('NMP','UE17CS255',4,'B','B-G05C,D');
	INSERT INTO offers VALUES('KSS','UE17CS255',4,'B','B-G05C,D');
	INSERT INTO offers VALUES('RJ','UE17CS256',4,'B','B-105C,D');
	INSERT INTO offers VALUES('NMP','UE17CS256',4,'B','B-105C,D');
	INSERT INTO offers VALUES('RR','UE17CS256',4,'B','B-105C,D');
	INSERT INTO offers VALUES('Dr.UD','UE17MA251',4,'C','B-111');
	INSERT INTO offers VALUES('CB','UE17CS251',4,'C','B-111');
	INSERT INTO offers VALUES('RBA','UE17CS252',4,'C','B-111');
	INSERT INTO offers VALUES('RR','UE17CS253',4,'C','B-111');
	INSERT INTO offers VALUES('HBM','UE17CS254',4,'C','B-111');
	INSERT INTO offers VALUES('DSJ','UE17CS255',4,'C','B-G05C,D');
	INSERT INTO offers VALUES('PP','UE17CS255',4,'C','B-G05C,D');
	INSERT INTO offers VALUES('SRS','UE17CS255',4,'C','B-G05C,D');
	INSERT INTO offers VALUES('CBH','UE17CS256',4,'C','B-105C,D');
	INSERT INTO offers VALUES('CBR','UE17CS256',4,'C','B-105C,D');
	INSERT INTO offers VALUES('RR','UE17CS256',4,'C','B-105C,D');
	INSERT INTO offers VALUES('Dr.UD','UE17MA251',4,'D','B-G12');
	INSERT INTO offers VALUES('PP','UE17CS251',4,'D','B-G12');
	INSERT INTO offers VALUES('KP','UE17CS252',4,'D','B-G12');
	INSERT INTO offers VALUES('RR','UE17CS253',4,'D','B-G12');
	INSERT INTO offers VALUES('DSJ','UE17CS254',4,'D','B-G12');
	INSERT INTO offers VALUES('BS','UE17CS255',4,'D','B-G05C,D');
	INSERT INTO offers VALUES('KSS','UE17CS255',4,'D','B-G05C,D');
	INSERT INTO offers VALUES('PP','UE17CS255',4,'D','B-G05C,D');
	INSERT INTO offers VALUES('CBR','UE17CS256',4,'D','B-105C,D');
	INSERT INTO offers VALUES('RR','UE17CS256',4,'D','B-105C,D');
	INSERT INTO offers VALUES('CBH','UE17CS256',4,'D','B-105C,D');
	INSERT INTO offers VALUES('ND','UE17MA251',4,'E','B-G11');
	INSERT INTO offers VALUES('Dr.SSS','UE17CS251',4,'E','B-G11');
	INSERT INTO offers VALUES('PB','UE17CS252',4,'E','B-G11');
	INSERT INTO offers VALUES('Dr.JR','UE17CS253',4,'E','B-G11');
	INSERT INTO offers VALUES('SVI','UE17CS254',4,'E','B-G11');
	INSERT INTO offers VALUES('NMP','UE17CS255',4,'E','B-G05C,D');
	INSERT INTO offers VALUES('VJ','UE17CS255',4,'E','B-G05C,D');
	INSERT INTO offers VALUES('CBH','UE17CS256',4,'E','B-105C,D');
	INSERT INTO offers VALUES('CBR','UE17CS256',4,'E','B-105C,D');
	INSERT INTO offers VALUES('PM','UE17CS256',4,'E','B-105C,D');
	INSERT INTO offers VALUES('Dr.NKS','UE17MA251',4,'F','B-G02');
	INSERT INTO offers VALUES('DS','UE17CS251',4,'F','B-G02');
	INSERT INTO offers VALUES('RBA','UE17CS252',4,'F','B-G02');
	INSERT INTO offers VALUES('CGM','UE17CS253',4,'F','B-G02');
	INSERT INTO offers VALUES('DSJ','UE17CS254',4,'F','B-G02');
	INSERT INTO offers VALUES('BS','UE17CS255',4,'F','B-G09,G10');
	INSERT INTO offers VALUES('AS','UE17CS255',4,'F','B-G09,G10');
	INSERT INTO offers VALUES('VJ','UE17CS255',4,'F','B-G09,G10');
	INSERT INTO offers VALUES('CGM','UE17CS256',4,'F','B-105C,D');
	INSERT INTO offers VALUES('CBR','UE17CS256',4,'F','B-105C,D');
	INSERT INTO offers VALUES('CBH','UE17MA251',4,'G','B-G07');
	INSERT INTO offers VALUES('SK','UE17CS251',4,'G','B-G07');
	INSERT INTO offers VALUES('Dr.MHR','UE17CS252',4,'G','B-G07');
	INSERT INTO offers VALUES('VRB','UE17CS253',4,'G','B-G07');
	INSERT INTO offers VALUES('SVI','UE17CS254',4,'G','B-G07');
	INSERT INTO offers VALUES('PP','UE17CS255',4,'G','B-G09,G10');
	INSERT INTO offers VALUES('DSJ','UE17CS255',4,'G','B-G09,G10');
	INSERT INTO offers VALUES('CBR','UE17CS256',4,'G','B-105C,D');
	INSERT INTO offers VALUES('RR','UE17CS256',4,'G','B-105C,D');
	INSERT INTO offers VALUES('CBH','UE17CS256',4,'G','B-105C,D');
	INSERT INTO offers VALUES('Dr.NKS','UE17MA251',4,'H','B-G06');
	INSERT INTO offers VALUES('SK','UE17CS251',4,'H','B-G06');
	INSERT INTO offers VALUES('VJ','UE17CS252',4,'H','B-G06');
	INSERT INTO offers VALUES('Dr.JR','UE17CS253',4,'H','B-G06');
	INSERT INTO offers VALUES('RJ','UE17CS254',4,'H','B-G06');
	INSERT INTO offers VALUES('PP','UE17CS255',4,'H','B-G09,G10');
	INSERT INTO offers VALUES('DSJ','UE17CS255',4,'H','B-G09,G10');
	INSERT INTO offers VALUES('AS','UE17CS255',4,'H','B-G09,G10');
	INSERT INTO offers VALUES('CBR','UE17CS256',4,'H','B-105C,D');
	INSERT INTO offers VALUES('KSS','UE17CS256',4,'H','B-105C,D');
	INSERT INTO offers VALUES('KSS', 'UE16CS351',6,'A','B-207');
	INSERT INTO offers VALUES('NMP', 'UE16CS352',6, 'A','B-207');
	INSERT INTO offers VALUES('SHR', 'UE16CS353',6,'A','B-207');
	INSERT INTO offers VALUES('KSS','UE16CS354',6,'A','B-105C,D');
	INSERT INTO offers VALUES('PM','UE16CS354',6,'A','B-105C,D');
	INSERT INTO offers VALUES('AMJ','UE16CS355',6,'A','B-205C,D');
	INSERT INTO offers VALUES('PRD','UE16CS355',6,'A','B-205C,D');
	INSERT INTO offers VALUES('VM', 'UE16CS351', 6, 'B', 'B-G08');
	INSERT INTO offers VALUES('Dr.KVS', 'UE16CS352', 6, 'B', 'B-GSH');
	INSERT INTO offers VALUES('SMP', 'UE16CS353', 6, 'B', 'B-G08');
	INSERT INTO offers VALUES('COP','UE16CS354',6,'B','B-105C,D');
	INSERT INTO offers VALUES('VM','UE16CS354',6,'B','B-105C,D');
	INSERT INTO offers VALUES('PK','UE16CS354',6,'B','B-105C,D');
	INSERT INTO offers VALUES('KSS','UE16CS354',6,'B','B-105C,D');
	INSERT INTO offers VALUES('PRD','UE16CS355',6,'B','B-205C,D');
	INSERT INTO offers VALUES('AMJ','UE16CS355',6,'B','B-205C,D');
	INSERT INTO offers VALUES('OS','UE16CS355',6,'B','B-205C,D');
	INSERT INTO offers VALUES('PK', 'UE16CS351', 6, 'C', 'B-212');
	INSERT INTO offers VALUES('RHB', 'UE16CS352', 6, 'C', 'B-212');
	INSERT INTO offers VALUES('VRB', 'UE16CS353', 6, 'C', 'B-212');
	INSERT INTO offers VALUES('PK','UE16CS354',6,'C','B-105C,D');
	INSERT INTO offers VALUES('KSS','UE16CS354',6,'C','B-105C,D');
	INSERT INTO offers VALUES('NMP','UE16CS354',6,'C','B-105C,D');
	INSERT INTO offers VALUES('PRD','UE16CS355',6,'C','B-205C,D');
	INSERT INTO offers VALUES('AMJ','UE16CS355',6,'C','B-205C,D');
	INSERT INTO offers VALUES('OS','UE16CS355',6,'C','B-205C,D');
	INSERT INTO offers VALUES('VM', 'UE16CS351', 6, 'D', 'B-206');
	INSERT INTO offers VALUES('Dr.KVS', 'UE16CS352', 6, 'D', 'B-GSH');
	INSERT INTO offers VALUES('CB', 'UE16CS353', 6, 'D', 'B-206');
	INSERT INTO offers VALUES('VM','UE16CS354',6,'D','B-G05C,D');
	INSERT INTO offers VALUES('SVI','UE16CS354',6,'D','B-G05C,D');
	INSERT INTO offers VALUES('PRD','UE16CS355',6,'D','B-205C,D');
	INSERT INTO offers VALUES('AMJ','UE16CS355',6,'D','B-205C,D');
	INSERT INTO offers VALUES('KP', 'UE16CS351', 6, 'E', 'B-S01');
	INSERT INTO offers VALUES('SRS', 'UE16CS352', 6, 'E', 'B-S01');
	INSERT INTO offers VALUES('CB', 'UE16CS353', 6, 'E', 'B-S01');
	INSERT INTO offers VALUES('KSS','UE16CS354',6,'E','B-G05C,D');
	INSERT INTO offers VALUES('DSJ','UE16CS354',6,'E','B-G05C,D');
	INSERT INTO offers VALUES('SVI','UE16CS354',6,'E','B-G05C,D');
	INSERT INTO offers VALUES('PM','UE16CS355',6,'E','B-205C,D');
	INSERT INTO offers VALUES('AMJ','UE16CS355',6,'E','B-205C,D');
	INSERT INTO offers VALUES('PP','UE16CS355',6,'E','B-205C,D');
	INSERT INTO offers VALUES('VJ', 'UE16CS351', 6, 'F', 'B-S02');
	INSERT INTO offers VALUES('SRS', 'UE16CS352', 6, 'F', 'B-S02');
	INSERT INTO offers VALUES('Dr.SS', 'UE16CS353', 6, 'F',  'B-S02');
	INSERT INTO offers VALUES('SRS','UE16CS354',6,'F','B-105C,D');
	INSERT INTO offers VALUES('KSS','UE16CS354',6,'F','B-105C,D');
	INSERT INTO offers VALUES('PP','UE16CS355',6,'F','B-205C,D');
	INSERT INTO offers VALUES('PRD','UE16CS355',6,'F','B-205C,D');
	INSERT INTO offers VALUES('AMJ','UE16CS355',6,'F','B-205C,D');
	INSERT INTO offers VALUES('KP', 'UE16CS351', 6, 'G', 'B-104');
	INSERT INTO offers VALUES('NMP', 'UE16CS352', 6, 'G', 'B-104');
	INSERT INTO offers VALUES('SHR', 'UE16CS353', 6, 'G', 'B-104');
	INSERT INTO offers VALUES('SVI','UE16CS354',6,'G','B-G05C,D');
	INSERT INTO offers VALUES('VM','UE16CS354',6,'G','B-G05C,D');
	INSERT INTO offers VALUES('VJ','UE16CS354',6,'G','B-G05C,D');
	INSERT INTO offers VALUES('RJ','UE16CS355',6,'G','B-205C,D');
	INSERT INTO offers VALUES('AMJ','UE16CS355',6,'G','B-205C,D');
	INSERT INTO offers VALUES('CBH','UE16CS355',6,'G','B-205C,D');
	INSERT INTO offers VALUES('COP', 'UE16CS351', 6, 'H', 'B-211');
	INSERT INTO offers VALUES('RHB', 'UE16CS352', 6, 'H', 'B-211');
	INSERT INTO offers VALUES('NSK', 'UE16CS353', 6, 'H', 'B-211');
	INSERT INTO offers VALUES('COP','UE16CS354',6,'H','B-105C,D');
	INSERT INTO offers VALUES('VM','UE16CS354',6,'H','B-105C,D');
	INSERT INTO offers VALUES('VJ','UE16CS354',6,'H','B-105C,D');
	INSERT INTO offers VALUES('RJ','UE16CS355',6,'H','B-205C,D');
	INSERT INTO offers VALUES('AMJ','UE16CS355',6,'H','B-205C,D');
	INSERT INTO offers VALUES('PP','UE16CS355',6,'H','B-205C,D');


--Insert values into sem_class table

INSERT INTO sem_class VALUES(4,	'A',	'B-102',	2019);
	INSERT INTO sem_class VALUES(4,	'A',	'B-G05C,D',	2019);
	INSERT INTO sem_class VALUES(4,	'A',	'B-105C,D',	2019);
	INSERT INTO sem_class VALUES(4,	'B',	'B-112',	2019);
	INSERT INTO sem_class VALUES(4,	'B',	'B-G05C,D',	2019);
	INSERT INTO sem_class VALUES(4,	'B',	'B-105C,D',	2019);
	INSERT INTO sem_class VALUES(4,	'C',	'B-111',	2019);
	INSERT INTO sem_class VALUES(4,	'C',	'B-G05C,D',	2019);
	INSERT INTO sem_class VALUES(4,	'C',	'B-105C,D',	2019);
	INSERT INTO sem_class VALUES(4,	'D',	'B-G12',	2019);
	INSERT INTO sem_class VALUES(4,	'D',	'B-G05C,D',	2019);
	INSERT INTO sem_class VALUES(4,	'D',	'B-105C,D',	2019);
	INSERT INTO sem_class VALUES(4,	'E',	'B-G11',	2019);
	INSERT INTO sem_class VALUES(4,	'E',	'B-G05C,D',	2019);
	INSERT INTO sem_class VALUES(4,	'E',	'B-105C,D',	2019);
	INSERT INTO sem_class VALUES(4,	'F',	'B-G02',	2019);
	INSERT INTO sem_class VALUES(4,	'F',	'B-G09,G10',	2019);
	INSERT INTO sem_class VALUES(4,	'F',	'B-105C,D',	2019);
	INSERT INTO sem_class VALUES(4,	'G',	'B-G07',	2019);
	INSERT INTO sem_class VALUES(4,	'G',	'B-G09,G10',	2019);
	INSERT INTO sem_class VALUES(4,	'G',	'B-105C,D',	2019);
	INSERT INTO sem_class VALUES(4,	'H',	'B-G06',	2019);
	INSERT INTO sem_class VALUES(4,	'H',	'B-G09,G10',	2019);
	INSERT INTO sem_class VALUES(4,	'H',	'B-105C,D',	2019);
	INSERT INTO sem_class VALUES(6,	'A',	'B-207',	2019);
	INSERT INTO sem_class VALUES(6,	'A',	'B-105C,D',	2019);
	INSERT INTO sem_class VALUES(6,	'A',	'B-205C,D',	2019);
	INSERT INTO sem_class VALUES(6,	'B',	'B-G08',	2019);
	INSERT INTO sem_class VALUES(6,	'B',	'B-105C,D',	2019);
	INSERT INTO sem_class VALUES(6,	'B',	'B-205C,D',	2019);
	INSERT INTO sem_class VALUES(6,	'B',	'B-GSH',	2019);
	INSERT INTO sem_class VALUES(6,	'C',	'B-212',  2019);
	INSERT INTO sem_class VALUES(6,	'C',	'B-105C,D',	2019);
	INSERT INTO sem_class VALUES(6,	'C',	'B-205C,D',	2019);
	INSERT INTO sem_class VALUES(6,	'D',	'B-206',	2019);
	INSERT INTO sem_class VALUES(6,	'D',	'B-G05C,D',	2019);
	INSERT INTO sem_class VALUES(6,	'D',	'B-205C,D',	2019);
	INSERT INTO sem_class VALUES(6,	'D',	'B-GSH',	2019);
	INSERT INTO sem_class VALUES(6,	'E',	'B-S01',	2019);
	INSERT INTO sem_class VALUES(6,	'E',	'B-G05C,D',	2019);
	INSERT INTO sem_class VALUES(6,	'E',	'B-205C,D',	2019);
	INSERT INTO sem_class VALUES(6,	'F',	'B-S02',	2019);
	INSERT INTO sem_class VALUES(6,	'F',	'B-105C,D',	2019);
	INSERT INTO sem_class VALUES(6,	'F',	'B-205C,D',	2019);
	INSERT INTO sem_class VALUES(6,	'G',	'B-104',	2019);
	INSERT INTO sem_class VALUES(6,	'G',	'B-G05C,D',	2019);
	INSERT INTO sem_class VALUES(6,	'G',	'B-205C,D',	2019);
	INSERT INTO sem_class VALUES(6,	'H',	'B-211',	2019);
	INSERT INTO sem_class VALUES(6,	'H',	'B-105C,D',	2019);
	INSERT INTO sem_class VALUES(6,	'H',	'B-205C,D',	2019);

--Insert values into timetable

INSERT INTO timetable VALUES('Monday','1','08:15:00','09:15:00');
	INSERT INTO timetable VALUES('Monday','2','09:15:00','10:15:00');
	INSERT INTO timetable VALUES('Monday','3','10:45:00','11:45:00');
	INSERT INTO timetable VALUES('Monday','4','11:45:00','12:45:00');
	INSERT INTO timetable VALUES('Monday','5','13:30:00','14:30:00');
	INSERT INTO timetable VALUES('Monday','6','14:30:00','15:30:00');
	INSERT INTO timetable VALUES('Tuesday','1','08:15:00','09:15:00');
	INSERT INTO timetable VALUES('Tuesday','2','09:15:00','10:15:00');
	INSERT INTO timetable VALUES('Tuesday','3','10:45:00','11:45:00');
	INSERT INTO timetable VALUES('Tuesday','4','11:45:00','12:45:00');
	INSERT INTO timetable VALUES('Tuesday','5','13:30:00','14:30:00');
	INSERT INTO timetable VALUES('Tuesday','6','14:30:00','15:30:00');
	INSERT INTO timetable VALUES('Wednesday','1','08:15:00','09:15:00');
	INSERT INTO timetable VALUES('Wednesday','2','09:15:00','10:15:00');
	INSERT INTO timetable VALUES('Wednesday','3','10:45:00','11:45:00');
	INSERT INTO timetable VALUES('Wednesday','4','11:45:00','12:45:00');
	INSERT INTO timetable VALUES('Wednesday','5','13:30:00','14:30:00');
	INSERT INTO timetable VALUES('Wednesday','6','14:30:00','15:30:00');
	INSERT INTO timetable VALUES('Thursday','1','08:15:00','09:15:00');
	INSERT INTO timetable VALUES('Thursday','2','09:15:00','10:15:00');
	INSERT INTO timetable VALUES('Thursday','3','10:45:00','11:45:00');
	INSERT INTO timetable VALUES('Thursday','4','11:45:00','12:45:00');
	INSERT INTO timetable VALUES('Thursday','5','13:30:00','14:30:00');
	INSERT INTO timetable VALUES('Thursday','6','14:30:00','15:30:00');
	INSERT INTO timetable VALUES('Friday','1','08:15:00','09:15:00');
	INSERT INTO timetable VALUES('Friday','2','09:15:00','10:15:00');
	INSERT INTO timetable VALUES('Friday','3','10:45:00','11:45:00');
	INSERT INTO timetable VALUES('Friday','4','11:45:00','12:45:00');
	INSERT INTO timetable VALUES('Friday','5','13:30:00','14:30:00');
	INSERT INTO timetable VALUES('Friday','6','14:30:00','15:30:00');
